Rk,Player,Sh,SoT,SoT%,Club
1,Brenden Aaronson,3,1,33.3,1.eng Leeds United
2,Thelo Aasgaard,2,1,50,1.sct Rangers
3,Hamza Abdelkarim,0,0,,4.es Barcelona B
4,Hossam Abdelmaguid,0,0,,1.eg Zamalek SC
5,Mohamed Abdelmonem,0,0,,1.fr Nice
6,Ali Abdi,1,0,0,1.fr Nice
7,Saud Abdulhamid,2,0,0,1.fr Lens
8,Abdulla Abdullaev,0,0,,1.ae Dibba Al Fujairah
9,Yusuf Abdurisag,0,0,,1.qa Al-Wakrah
10,Husam Abu Dahab,0,0,,1.kw Al-Salmiya SC
11,Mohammad Abu Hasheesh,0,0,,1.iq Al-Karma
12,Mohannad Abu Taha,1,0,0,1.iq Al-Quwa Al-Jawiya
13,Mo Abualnadi,0,0,,1.my Selangor FA
14,Yazeed Abulaila,0,0,,1.jo Al-Hussein SC
15,Mahmoud Abunada,0,0,,1.qa Al Rayyan SC
16,Elias Achouri,3,1,33.3,1.dk FC Copenhagen
17,ChÇ Adams,1,1,100,1.it Torino
18,Jayden Adams,0,0,,1.za Sundowns
19,Tyler Adams,0,0,,1.eng Bournemouth
20,Ricardo AdÇ,4,1,25,1.ec LDU Quito
21,Ibrahim Adel,0,0,,1.dk Nordsjëlland
22,Simon Adingra,0,0,,1.fr Monaco
23,Jonas Adjetey,2,1,50,1.de Wolfsburg
24,Michel Aebischer,2,1,50,1.it Pisa
25,Akram Afif,2,0,0,1.qa Al Sadd
26,Emmanuel Agbadou,3,1,33.3,1.tr Be?ikta?
27,Rodrigo Aguirre,0,0,,1.mx AmÇrica
28,Ali Ahmed,2,1,50,2.eng Norwich City
29,Homam Ahmed,1,0,0,2.es Cultural Leonesa
30,Rayan Aãt-Nouri,1,0,0,1.eng Manchester City
31,Kristoffer Ajer,2,1,50,1.eng Brentford
32,Manuel Akanji,1,1,100,1.it Inter
33,Nathan AkÇ,1,0,0,1.eng Manchester City
34,Yunus AkgÅn,0,0,,1.tr Galatasaray
35,Maghnes Akliouche,0,0,,1.fr Monaco
36,Kerem AktÅrko?lu,3,1,33.3,1.tr Fenerbaháe
37,Ahmed Alaaeldin,1,1,100,1.qa Al Rayyan SC
38,David Alaba,2,0,0,1.es Real Madrid
39,Kerim Alajbegovi?,4,1,25,1.at RB Salzburg
40,Jordy Alcivar,1,0,0,1.ec Independiente
41,Omar Alderete,1,0,0,1.eng Sunderland
42,Almoez Ali,1,1,100,1.qa Al Duhail SC
43,Hussein Ali,1,0,0,1.pl Pogo? Szczecin
44,Mohanad Ali,0,0,,1.ae Dibba Al Fujairah
45,Taha Ali,0,0,,1.se Malmî
46,Khojiakbar Alijonov,0,0,,1.uz Pakhtakor Tashkent FK
47,Ali Alipour,1,0,0,1.ir Persepolis
48,Alisson,0,0,,1.eng Liverpool
49,Thiago Almada,5,2,40,1.es AtlÇtico Madrid
50,Miguel Almir¢n,4,0,0,1.us Atlanta Utd
51,J£nior Alonso,3,1,33.3,1.br AtlÇtico Mineiro
52,Bar?? Alper Y?lmaz,2,1,50,1.tr Galatasaray
53,Roberto Alvarado,5,0,0,1.mx Guadalajara
54,Edson ?lvarez,2,0,0,1.eng West Ham
55,Juli†n ?lvarez,11,5,45.5,1.es AtlÇtico Madrid
56,Ayoube Amaimouni,2,1,50,1.de Frankfurt
57,Zeki Amdouni,1,0,0,1.eng Burnley
58,Michael Amir Murillo,5,1,20,1.tr Be?ikta?
59,Nadiem Amiri,2,1,50,1.de Mainz 05
60,Amir Al Ammari,0,0,,1.pl Cracovia
61,Azizbek Amonov,1,0,0,1.uz FK Bukhara Nurafshon
62,Mohamed Amoura,0,0,,1.de Wolfsburg
63,Sofyan Amrabat,0,0,,1.es Real Betis
64,Abdulelah Al-Amri,4,2,50,
65,Youssef Amyn,0,0,,1.cy AEK Larnaca
66,Elliot Anderson,7,1,14.3,1.eng Nottingham
67,AndrÇs Andrade Cede§o,0,0,,1.at LASK
68,Fredrik AndrÇ Bj?rkan,0,0,,1.no Bod?/Glimt
69,Nilson Angulo,2,2,100,1.eng Sunderland
70,Waldemar Anton,1,1,100,1.de Dortmund
71,Jeremy Antonisse,1,0,0,1.gr AE Kifisia
72,Houssem Aouar,3,1,33.3,1.sa Al-Ittihad
73,Oswin Appollis,4,1,25,1.za Orlando Pirates
74,Yazan Al-Arab,0,0,,1.kr FC Seoul
75,Maxi Ara£jo,4,3,75,1.pt Sporting CP
76,Tom†s Ara£jo,0,0,,1.pt Benfica
77,Telmo Arcanjo,0,0,,1.pt Vit. Guimar?es
78,?lex Arce,0,0,,1.ar Ind. Rivadavia
79,Carlens Arcus,0,0,,1.fr Angers
80,Max Arfsten,0,0,,1.us Columbus Crew
81,Jhon Arias,9,4,44.4,1.br Palmeiras
82,Santiago Arias,0,0,,1.ar Independiente
83,Marko Arnautovi?,3,3,100,1.rs Red Star
84,Benjamin Asare,0,0,,1.gh Accra Hearts of Oak
85,Emam Ashour,10,2,20,1.eg Al Ahly
86,Rustam Ashurmatov,0,0,,1.ir Esteghlal
87,Lawrence Ati-Zigi,0,0,,1.ch St. Gallen
88,Marwan Attia,4,0,0,1.eg Al Ahly
89,Fredrik Aursnes,2,0,0,1.pt Benfica
90,Gabriel ?valos,1,0,0,1.ar Independiente
91,Yasin Ayari,7,3,42.9,1.eng Brighton
92,O?uz Ayd?n,0,0,,1.tr Fenerbaháe
93,Jordan Ayew,0,0,,2.eng Leicester City
94,Kaan Ayhan,1,1,100,1.tr Galatasaray
95,Neil El Aynaoui,7,2,28.6,1.it Roma
96,Ali Azaizeh,2,0,0,1.sa Al-Shabab
97,Juninho Bacuna,5,1,20,1.nl Volendam
98,Leandro Bacuna,6,1,16.7,2.tr 76 I?d?r Belediyespor
99,?lex Baena,12,5,41.7,1.es AtlÇtico Madrid
100,Esmir Bajraktarevic,3,2,66.7,1.nl PSV
101,CÇdric Bakambu,3,0,0,1.es Real Betis
102,Fabi†n Balbuena,0,0,,1.br Gràmio
103,Folarin Balogun,14,5,35.7,1.fr Monaco
104,Simon Banza,0,0,,1.ae Al Jazira Club
105,Yoel B†rcenas,2,0,0,1.mx Mazatl†n
106,Valent°n Barco,0,0,,1.fr Strasbourg
107,Bradley Barcola,10,5,50,1.fr PSG
108,AbdÅlkerim Bardakc?,3,1,33.3,1.tr Galatasaray
109,Ivan Ba?i?,4,0,0,1.kz FC Astana
110,Ahmed Basil,0,0,,1.iq Al-Shorta
111,Martin Baturina,3,1,33.3,1.it Como
112,Ibrahim Bayesh,1,0,0,1.ae Al Dhafra SCC
113,Samed Ba?dar,0,0,,1.de Gladbach
114,Riechedly Bazoer,0,0,,1.tr Konyaspor
115,Patrick Beach,0,0,,1.au Melb City
116,Aziz Behich,1,1,100,1.au Melb City
117,Maximilian Beier,0,0,,1.de Dortmund
118,Alireza Beiranvand,0,0,,1.ir Tractor
119,Zineddine Belaãd,0,0,,1.dz JS Kabylie
120,Rafik Belghali,3,1,33.3,1.it Hellas Verona
121,Joe Bell,1,0,0,1.no Viking
122,Jean-Ricner Bellegarde,6,0,0,1.eng Wolves
123,Jude Bellingham,19,13,68.4,1.es Real Madrid
124,Mortadha Ben Ouanes,0,0,,1.tr Kas?mpa?a
125,Anis Ben Slimane,1,1,100,2.eng Norwich City
126,Oussama Benbot,0,0,,1.dz USM Alger
127,Nadhir Benbouali,2,2,100,1.hu Gy?r
128,Gilson Benchimol,0,0,,1.ru Akron Tolyatti
129,Ramy Bensebaini,2,0,0,1.de Dortmund
130,Nabil Bentaleb,1,0,0,1.fr Lille
131,Rodrigo Bentancur,4,0,0,1.eng Tottenham
132,Patrick Berg,3,0,0,1.no Bod?/Glimt
133,Sander Berge,0,0,,1.eng Fulham
134,Lucas Bergvall,2,0,0,1.eng Tottenham
135,Sebastian Berhalter,3,1,33.3,1.us Vancouver
136,Alexander Bernhardsson,1,1,100,2.de Holstein Kiel
137,Tyler Bindon,2,1,50,2.eng Sheffield United
138,CÇsar Blackman,2,1,50,1.sk Slovan Bratislava
139,Dami†n Bobadilla,0,0,,1.br S?o Paulo
140,Oscar Bobb,4,2,50,1.eng Fulham
141,Moãse Bombito,1,1,100,1.fr Nice
142,Theo Bongonda,1,0,0,1.ru Spartak Moscow
143,Ange-Yoan Bonny,1,1,100,1.it Inter
144,Jordy Bos,5,2,40,1.nl Feyenoord
145,Ayyoub Bouaddi,3,0,0,1.fr Lille
146,Hicham Boudaoui,0,0,,1.fr Nice
147,Karim Boudiaf,1,0,0,1.qa Al Duhail SC
148,Adil Boulbina,0,0,,1.qa Al Duhail SC
149,Yassine Bounou,0,0,,1.sa Al-Hilal
150,Nawaf Boushal,0,0,,1.sa Al-Nassr
151,Michael Boxall,0,0,,1.us Minnesota Utd
152,Sultan Al-Brake,0,0,,1.qa Al Duhail SC
153,Joshua Brenet,0,0,,1.tr Kayserispor
154,Brian Brobbey,4,3,75,1.eng Sunderland
155,Dylan Bronn,0,0,,1.ch Servette FC
156,Nathaniel Brown,3,2,66.7,1.de Frankfurt
157,Tajon Buchanan,6,3,50,1.es Villarreal
158,Ante Budimir,3,1,33.3,1.es Osasuna
159,Firas Al-Buraikan,0,0,,1.sa Al-Ahli
160,Cameron Burgess,0,0,,2.eng Swansea City
161,Dan Burn,0,0,,1.eng Newcastle
162,D?enis Burni?,1,0,0,2.de Karlsruher
163,Gustavo Caballero,1,1,100,2.eng Portsmouth
164,Jovane Cabral,2,0,0,1.pt Estrela
165,Liberato Cacace,1,1,100,2.eng Wrexham
166,Juan C†ceres,2,1,50,1.ru Dynamo Moskva
167,Sebasti†n C†ceres,3,0,0,1.mx AmÇrica
168,Jordy Caicedo,1,0,0,1.ar Hurac†n
169,MoisÇs Caicedo,4,1,25,1.eng Chelsea
170,U?urcan Äak?r,0,0,,1.tr Galatasaray
171,Hakan Äalhano?lu,11,2,18.2,1.it Inter
172,Lamine Camara,3,0,0,1.fr Monaco
173,Jaminton Campaz,6,3,50,1.ar Rosario Central
174,?rfan Can Kahveci,0,0,,1.tr Kas?mpa?a
175,JosÇ Canale,0,0,,1.ar Lan£s
176,Jo?o Cancelo,3,0,0,1.es Barcelona
177,Agust°n Canobbio,4,1,25,1.br Fluminense
178,Casemiro,4,2,50,1.eng Manchester Utd
179,JosuÇ Casimir,1,0,0,1.fr Auxerre
180,Timothy Castagne,3,1,33.3,1.eng Fulham
181,Kevin Casta§o,0,0,,1.ar River Plate
182,Jens Castrop,0,0,,1.de Gladbach
183,Zeki Äelik,1,1,100,1.it Roma
184,Luk†? ?erv,3,2,66.7,1.cz Viktoria Plze?
185,Fares Chaãbi,9,3,33.3,1.de Frankfurt
186,Trevoh Chalobah,0,0,,1.eng Chelsea
187,?t?p†n Chaloupek,0,0,,1.cz Slavia Prague
188,Mouhib Chamakh,0,0,,1.tn Club Africain
189,Firas Chaouat,0,0,,1.tn Club Africain
190,Luis Ch†vez,0,0,,1.ru Dynamo Moskva
191,Mateo Ch†vez,1,1,100,1.nl AZ Alkmaar
192,Samir Chergui,0,0,,1.fr Paris FC
193,Rayan Cherki,1,1,100,1.eng Manchester City
194,Mathieu Choiniäre,0,0,,1.us LAFC
195,Tahith Chong,4,2,50,2.eng Sheffield United
196,Tom†? Chor?,0,0,,1.cz Slavia Prague
197,Ryan Christie,2,0,0,1.eng Bournemouth
198,Carney Chukwuemeka,2,1,50,1.de Dortmund
199,Mojm°r Chytil,0,0,,1.cz Slavia Prague
200,Brian Cipenga,6,1,16.7,2.es Castell¢n
201,Alessandro Circati,3,0,0,1.it Parma
202,PathÇ Ciss,2,1,50,1.es Rayo Vallecano
203,Livano Comenencia,5,2,40,1.ch ZÅrich
204,Eray Cîmert,0,0,,1.es Valencia
205,Francisco Conceiá?o,2,0,0,1.it Juventus
206,Jhon C¢rdoba,2,1,50,1.ru Krasnodar
207,JosÇ C¢rdoba,0,0,,2.eng Norwich City
208,Derek Cornelius,5,1,20,1.fr Marseille
209,Diogo Costa,0,0,,1.pt Porto
210,Nuno da Costa,1,0,0,1.tr Ba?ak?ehir
211,Samu Costa,0,0,,1.es Mallorca
212,Vladim°r Coufal,1,0,0,1.de Hoffenheim
213,Thibaut Courtois,0,0,,1.es Real Madrid
214,Maxime CrÇpeau,0,0,,1.us Orlando City
215,Max Crocombe,0,0,,2.eng Millwall
216,Pau Cubars°,4,2,50,1.es Barcelona
217,AndrÇs Cubas,1,0,0,1.us Vancouver
218,Cucho,1,0,0,1.es Real Betis
219,Marc Cucurella,5,3,60,1.eng Chelsea
220,Matheus Cunha,11,5,45.5,1.eng Manchester Utd
221,Findlay Curtis,0,0,,1.sct Kilmarnock
222,Aymen Dahmen,0,0,,1.tn Ahly Sfaxien
223,Diogo Dalot,1,0,0,1.eng Manchester Utd
224,Danilo,1,0,0,1.br Flamengo
225,Kevin Danso,1,0,0,1.eng Tottenham
226,Vladim°r Darida,1,0,0,1.cz Hradec Kr†lovÇ
227,Jonathan David,18,8,44.4,1.it Juventus
228,Promise David,5,3,60,1.be Union SG
229,Alphonso Davies,0,0,,1.de Bayern Munich
230,Erick Davis,1,0,0,1.pa Plaza Amador
231,Nasser Al-Dawsari,1,0,0,1.sa Al-Hilal
232,Salem Al-Dawsari,3,0,0,1.sa Al-Hilal
233,Mohammad Al-Dawud,0,0,,1.jo Al-Wehdat SC
234,Kevin De Bruyne,20,5,25,1.it Napoli
235,Maxim De Cuyper,10,6,60,1.eng Brighton
236,Luc De Fougerolles,3,1,33.3,1.eng Fulham
237,Charles De Ketelaere,6,5,83.3,1.it Atalanta
238,Nicol†s De La Cruz,4,2,50,1.br Flamengo
239,Rodrigo De Paul,2,1,50,1.us Inter Miami
240,Amar Dedi?,2,1,50,1.pt Benfica
241,Louicius Deedson,2,0,0,1.us FC Dallas
242,Hannes Delcroix,0,0,,1.ch Lugano
243,Ousmane DembÇlÇ,20,10,50,1.fr PSG
244,Merih Demiral,6,2,33.3,1.sa Al-Ahli
245,Ermedin Demirovi?,4,4,100,1.de Stuttgart
246,Sergi§o Dest,3,1,33.3,1.nl PSV
247,Frans Dhia Putros,0,0,,1.id Persib Bandung
248,Oumar DiakitÇ,0,0,,1.be Cercle Brugge
249,Amad Diallo,8,4,50,1.eng Manchester Utd
250,Assane Diao,0,0,,1.it Como
251,Habib Diarra,4,2,50,1.eng Sunderland
252,R£ben Dias,0,0,,1.eng Manchester City
253,KrÇpin Diatta,1,0,0,1.fr Monaco
254,Mory Diaw,0,0,,1.fr Le Havre
255,Brahim D°az,6,1,16.7,1.es Real Madrid
256,Ismael D°az,6,2,33.3,1.mx Le¢n
257,Luis D°az,19,6,31.6,1.de Bayern Munich
258,Bamba Dieng,0,0,,1.fr Lorient
259,Lucas Digne,2,1,50,1.eng Aston Villa
260,Diney,4,2,50,1.ae Al Bataeh
261,Ousmane Diomande,0,0,,1.pt Sporting CP
262,Yan DiomandÇ,4,0,0,1.de RB Leipzig
263,Issa Diop,1,1,100,1.eng Fulham
264,El Hadji Malick Diouf,0,0,,1.eng West Ham
265,Ritsu Doan,1,0,0,1.de Frankfurt
266,Jeremy Doku,3,1,33.3,1.eng Manchester City
267,Merchas Doski,1,0,0,1.cz Viktoria Plze?
268,David Doud?ra,4,0,0,1.cz Slavia Prague
269,DÇsirÇ DouÇ,13,8,61.5,1.fr PSG
270,GuÇla DouÇ,1,0,0,1.fr Strasbourg
271,Deroy Duarte,3,2,66.7,1.bg Ludogorets
272,Laros Duarte,3,3,100,1.hu Pusk†s Akad.
273,Denzel Dumfries,5,2,40,1.it Inter
274,Jean-Kevin Duverne,1,0,0,1.be Gent
275,Lyndon Dykes,1,0,0,2.eng Charlton Athletic
276,Edin D?eko,3,0,0,2.de Schalke 04
277,Roshon van Eijma,0,0,,2.nl RKC Waalwijk
278,Anthony Elanga,3,3,100,1.eng Newcastle
279,Meschak Elia,2,1,50,1.tr Alanyaspor
280,Callan Elliot,0,0,,1.au Auckland FC
281,Eren Elmal?,0,0,,1.tr Galatasaray
282,Nico Elvedi,3,0,0,1.de Gladbach
283,Breel Embolo,10,5,50,1.fr Rennes
284,Julio Enciso,8,1,12.5,1.fr Strasbourg
285,Endrick,3,0,0,1.fr Lyon
286,Sherzod Esanov,0,0,,1.uz FK Bukhara Nurafshon
287,Fidel Escobar,0,0,,1.cr Saprissa
288,Pervis Estupi§†n,0,0,,1.it Milan
289,Derrick Etienne,0,0,,1.us Toronto FC
290,Stephen Eust†quio,4,1,25,1.pt Porto
291,Martin ExpÇrience,1,0,0,2.fr Nancy
292,Saeid Ezatolahi,6,2,33.3,1.ae Al-Ahli Dubai FC
293,Eberechi Eze,5,0,0,1.eng Arsenal
294,Fabinho,1,0,0,1.sa Al-Ittihad
295,JosÇ Fajardo,1,0,0,1.ec Univ Cat¢lica
296,Odeh Al-Fakhouri,2,1,50,1.eg Pyramids FC
297,Henrik Falchener,0,0,,1.no Viking
298,Marko Farji,0,0,,2.it Venezia
299,Christian Fassnacht,0,0,,1.ch Young Boys
300,Abdul Fatawu Issahaku,3,0,0,2.eng Leicester City
301,Ahmed Fathy,0,0,,1.qa Al-Arabi
302,Hamdy Fathy,0,0,,1.qa Al-Wakrah
303,Ahmed Fatouh,1,1,100,1.eg Zamalek SC
304,Abbosbek Fayzullayev,3,2,66.7,1.tr Ba?ak?ehir
305,Jo?o FÇlix,6,1,16.7,1.sa Al-Nassr
306,Lewis Ferguson,2,1,50,1.it Bologna
307,Bruno Fernandes,9,3,33.3,1.eng Manchester Utd
308,Enzo Fern†ndez,12,4,33.3,1.eng Chelsea
309,Matias Fernandez-Pardo,3,0,0,1.fr Lille
310,?lvaro Fidalgo,3,2,66.7,1.es Real Betis
311,Sherel Floranus,2,0,0,1.nl Zwolle
312,Seko Fofana,5,1,20,1.pt Porto
313,Yahia Fofana,0,0,,1.tr Rizespor
314,Deveron Fonville,0,0,,1.nl NEC Nijmegen
315,Yassin FortunÇ,0,0,,2.pt Vizela
316,Lyle Foster,1,0,0,1.eng Burnley
317,Alan Franco,0,0,,1.br AtlÇtico Mineiro
318,Alex Freeman,4,1,25,1.es Villarreal
319,Matt Freese,0,0,,1.us NYCFC
320,Remo Freuler,2,1,50,1.it Bologna
321,Marco Friedl,0,0,,1.de Werder Bremen
322,Juriân Gaari,2,0,0,2.sa Abha
323,Jassem Gaber,0,0,,1.qa Al Rayyan SC
324,Cody Gakpo,10,6,60,1.eng Liverpool
325,Mat°as Galarza,2,1,50,1.us Atlanta Utd
326,Hern†n Gal°ndez,0,0,,1.ar Hurac†n
327,Jes£s Gallardo,4,0,0,1.mx Toluca
328,Ahmed Al-Ganehi,1,0,0,1.qa Al-Gharafa Sports Club
329,Ben Gannon-Doak,4,0,0,1.eng Bournemouth
330,Eric Garc°a,0,0,,1.es Barcelona
331,Gavi,1,0,0,1.es Barcelona
332,Jason Geria,0,0,,2.jp Albirex Niigata
333,Khalid Al Ghannam,0,0,,1.sa Al-Ettifaq
334,Ismaâl Gharbi,3,0,0,1.de Augsburg
335,Mehdi Ghayedi,1,0,0,1.ae Al-Nasr Dubai
336,FarÇs Ghedjemis,0,0,,2.it Frosinone
337,Saman Ghoddos,4,0,0,1.ae Al-Ittihad Kalba
338,Mohammad Ghorbani,2,1,50,1.ae Al-Wahda FC
339,Lee Gi-hyuk,0,0,,1.kr Gangwon FC
340,Armin Gigovic,0,0,,1.ch Young Boys
341,Orlando Gill,0,0,,1.py San Lorenzo
342,Santiago GimÇnez,2,1,50,1.it Milan
343,An°bal Godoy,0,0,,1.us San Diego FC
344,AndrÇs G¢mez,0,0,,1.br Vasco da Gama
345,Diego G¢mez,6,0,0,1.eng Brighton
346,Gustavo G¢mez,2,0,0,1.br Palmeiras
347,Armando Gonz†lez,0,0,,1.mx Guadalajara
348,Nicol†s Gonz†lez,7,1,14.3,1.es AtlÇtico Madrid
349,Anthony Gordon,6,4,66.7,1.es Barcelona
350,Leon Goretzka,2,0,0,1.de Bayern Munich
351,Kenji GorrÇ,0,0,,1.il Maccabi Haifa
352,Keisuke Got?,0,0,,1.be Sint-Truiden
353,Amine Gouiri,3,2,66.7,1.fr Marseille
354,Ryan Gravenberch,5,0,0,1.eng Liverpool
355,Michael Gregoritsch,1,0,0,1.de Augsburg
356,Florian Grillitsch,0,0,,1.pt Braga
357,Pascal Gro·,1,0,0,1.eng Brighton
358,Gabriel Gudmundsson,0,0,,1.eng Leeds United
359,Cho Gue-sung,2,1,50,1.dk Midtjylland
360,Marc GuÇhi,1,0,0,1.eng Manchester City
361,Evann Guessand,1,0,0,1.eng Crystal Palace
362,Idrissa Gueye,5,1,20,1.eng Everton
363,Pape Gueye,8,3,37.5,1.es Villarreal
364,Bruno Guimar?es,8,2,25,1.eng Newcastle
365,Deniz GÅl,2,1,50,1.pt Porto
366,Arda GÅler,12,4,33.3,1.es Real Madrid
367,Angus Gunn,0,0,,1.eng Nottingham
368,Malo Gusto,0,0,,1.eng Chelsea
369,Brian GutiÇrrez,6,0,0,1.mx Guadalajara
370,Jorge GutiÇrrez,0,0,,1.ve Dep. La Guaira
371,Jo?ko Gvardiol,1,0,0,1.eng Manchester City
372,Viktor Gyîkeres,12,6,50,1.eng Arsenal
373,Aziz G?aniyev,1,0,0,
374,Erling Haaland,20,13,65,1.eng Manchester City
375,Ihsan Haddad,1,0,0,1.jo Al-Hussein SC
376,Anis Hadj Moussa,2,0,0,1.nl Feyenoord
377,Jaouen Hadjam,1,0,0,1.ch Young Boys
378,Amir Had?iahmetovi?,0,0,,2.eng Hull City
379,Dennis Had?ikaduni?,0,0,,2.it Sampdoria
380,Karim Hafez,1,0,0,1.eg Pyramids FC
381,Ehsan Hajsafi,1,0,0,1.ir Sepahan
382,Achraf Hakimi,14,4,28.6,1.fr PSG
383,Redouane Halhal,0,0,,1.be Mechelen
384,Ali Al Hamadi,6,0,0,2.eng Ipswich Town
385,Abdullah Al-Hamdan,2,2,100,1.sa Al-Nassr
386,Mohamed Amine Ben Hamida,0,0,,1.tn EspÇrance Tunis
387,Odiljon Hamrobekov,1,0,0,1.ir Tractor
388,Lee Han-beom,2,0,0,1.dk Midtjylland
389,Grant Hanley,0,0,,1.sct Hibernian
390,Sontje Hansen,1,1,100,2.eng Middlesbrough
391,Mohamed Hany,4,0,0,1.eg Al Ahly
392,Moteb Al-Harbi,0,0,,1.sa Al-Hilal
393,Saleh Hardani,0,0,,1.ir Esteghlal
394,Carlos Harvey,5,0,0,1.us Minnesota Utd
395,Akam Hashim,1,0,0,1.iq Al-Zawra'a SC
396,Haissem Hassan,1,0,0,1.es Oviedo
397,Jalal Hassan,0,0,,1.iq Al-Zawra'a SC
398,Abdulaziz Hatem,0,0,,1.qa Al Rayyan SC
399,Jorrel Hato,0,0,,1.eng Chelsea
400,Kai Havertz,12,7,58.3,1.eng Arsenal
401,Hassan Al-Haydos,1,1,100,1.qa Al Sadd
402,Jan Paul van Hecke,3,2,66.7,1.eng Brighton
403,Hwang Hee-chan,1,0,0,1.eng Wolves
404,Torbj?rn Heggem,1,1,100,1.it Bologna
405,Alaa Al Hejji,0,0,,1.sa Neom
406,Dean Henderson,0,0,,1.eng Crystal Palace
407,Jordan Henderson,0,0,,1.eng Brentford
408,Jack Hendry,0,0,,1.sa Al-Ettifaq
409,Luiz Henrique,0,0,,1.ru Zenit
410,Theo Hern†ndez,3,0,0,1.sa Al-Hilal
411,Lucas Herrington,0,0,,1.us Colorado Rapids
412,Son Heung-min,7,1,14.3,1.us LAFC
413,Aaron Hickey,0,0,,1.eng Brentford
414,Isak Hien,0,0,,1.it Atalanta
415,Piero HincapiÇ,3,0,0,1.eng Arsenal
416,Adam Hlo?ek,3,1,33.3,1.de Hoffenheim
417,Tom†? Hole?,0,0,,1.cz Slavia Prague
418,Amirhossein Hosseinzadeh,1,0,0,1.ir Tractor
419,Robin Hran†?,0,0,,1.de Hoffenheim
420,Ajdin Hrustic,3,0,0,1.nl Heracles Almelo
421,CÇsar Huerta,0,0,,1.be Anderlecht
422,Al-Hashmi Al-Hussain,0,0,,1.qa Al-Arabi
423,Ayman Hussein,3,1,33.3,1.iq Al-Karma
424,Oh Hyeon-gyu,4,2,50,1.tr Be?ikta?
425,Yang Hyun-jun,1,1,100,1.sct Celtic
426,Roger Ibanez,0,0,,1.sa Al-Ahli
427,Yasser Ibrahim,1,1,100,1.eg Al Ahly
428,Borja Iglesias,0,0,,1.es Celta Vigo
429,Hwang In-beom,4,2,50,1.nl Feyenoord
430,Christ Inao Oulaã,2,0,0,1.tr Trabzonspor
431,Zidane Iqbal,0,0,,1.nl Utrecht
432,Nestory Irankunda,6,2,33.3,2.eng Watford
433,Jackson Irvine,3,1,33.3,1.de St Pauli
434,Alexander Isak,8,6,75,1.eng Liverpool
435,Wilson Isidor,5,2,40,1.eng Sunderland
436,Jamshid Iskanderov,0,0,,1.uz Neftchi FK
437,Zaid Ismail,0,0,,1.iq Al-Talaba
438,Ko Itakura,0,0,,1.nl Ajax
439,Jacob Italiano,1,0,0,1.at Grazer AK
440,Hiroki Ito,1,0,0,1.de Bayern Munich
441,Junya It?,3,1,33.3,1.be Genk
442,Cedric Itten,0,0,,2.de DÅsseldorf
443,Nicolas Jackson,7,3,42.9,1.de Bayern Munich
444,Lee Jae-sung,2,1,50,1.de Mainz 05
445,Alireza Jahanbakhsh,1,0,0,1.be Dender
446,Ismail Jakobs,1,0,0,1.tr Galatasaray
447,Reece James,1,0,0,1.eng Chelsea
448,Amer Jamous,0,0,,1.iq Al-Zawra'a SC
449,Luca Jaquez,0,0,,1.de Stuttgart
450,Ardon Jashari,2,0,0,1.it Milan
451,Ali Jasim,4,1,25,1.sa Al-Najma
452,Danley Jean-Jacques,0,0,,1.us Philadelphia
453,Eom Ji-sung,0,0,,2.eng Swansea City
454,Ra£l JimÇnez,18,7,38.9,1.eng Fulham
455,Kim Jin-gyu,1,0,0,1.kr Jeonbuk
456,Park Jinseob,1,1,100,1.cn Zhejiang
457,Ruslanbek Jiyanov,0,0,,1.uz Navbahor
458,Alistair Johnston,5,2,40,1.sct Celtic
459,Frenkie de Jong,1,0,0,1.es Barcelona
460,Lenny Joseph,2,0,0,1.hu Ferencv†ros
461,Edmilson Junior,3,2,66.7,1.qa Al Duhail SC
462,Vinicius J£nior,17,11,64.7,1.es Real Madrid
463,Elijah Just,7,5,71.4,1.sct Motherwell
464,Musab Al Juwayr,0,0,,1.sa Al-Qadsiah
465,Ayoub El Kaabi,3,2,66.7,1.gr Olympiacos
466,Ozan Kabak,0,0,,1.de Hoffenheim
467,Ferdi Kadioglu,1,0,0,1.eng Brighton
468,Kaku,0,0,,1.ae Al Ain
469,Sa?a Kalajd?i?,4,1,25,1.at LASK
470,GÇdÇon Kalulu,0,0,,1.cy Aris Limassol
471,Daichi Kamada,3,2,66.7,1.eng Crystal Palace
472,Hossein Kanaanizadegan,1,1,100,1.ir Persepolis
473,Harry Kane,23,12,52.2,1.de Bayern Munich
474,Lee Kang-in,4,1,25,1.fr PSG
475,Mohamed Kanno,3,2,66.7,1.sa Al-Hilal
476,Steve Kapuadi,1,0,0,1.pl Widzew ?¢d?
477,Bekhruz Karimov,2,0,0,1.uz FC Surkhon
478,Jesper Karlstrîm,1,0,0,1.it Udinese
479,Gervane Kastaneer,1,0,0,1.my Terengganu City
480,Nikola Kati?,2,0,0,2.de Schalke 04
481,Edo Kayembe,2,1,50,2.eng Watford
482,Joris Kayembe,1,0,0,1.be Genk
483,Franck KessiÇ,4,2,50,1.sa Al-Ahli
484,Abdullah Al-Khaibari,1,0,0,1.sa Al-Nassr
485,Shoja' Khalilzadeh,2,0,0,1.ir Tractor
486,Dostonbek Khamdamov,2,0,0,1.uz Pakhtakor Tashkent FK
487,Bilal El Khannouss,6,4,66.7,1.de Stuttgart
488,Rani Khedira,1,0,0,1.de Union Berlin
489,Boualem Khoukhi,3,1,33.3,1.qa Al Sadd
490,Abdukodir Khusanov,0,0,,1.eng Manchester City
491,Joshua Kimmich,5,1,20,1.de Bayern Munich
492,Justin Kluivert,0,0,,1.eng Bournemouth
493,Gregor Kobel,0,0,,1.de Dortmund
494,Orkun KîkáÅ,3,0,0,1.tr Be?ikta?
495,Sead Kola?inac,0,0,,1.it Atalanta
496,Ghislain Konan,4,0,0,1.pt Gil Vicente FC
497,Ibrahima KonatÇ,0,0,,1.eng Liverpool
498,Ismaâl KonÇ,2,0,0,1.it Sassuolo
499,Manu KonÇ,6,2,33.3,1.it Roma
500,Ezri Konsa,3,2,66.7,1.eng Aston Villa
501,Teun Koopmeiners,2,0,0,1.it Juventus
502,Odilon Kossounou,0,0,,1.it Atalanta
503,Kalidou Koulibaly,0,0,,1.sa Al-Hilal
504,Jules KoundÇ,2,0,0,1.es Barcelona
505,Mateo Kova?i?,5,4,80,1.eng Manchester City
506,Matej Kovar,0,0,,1.nl PSV
507,Andrej Kramari?,1,0,0,1.de Hoffenheim
508,Ladislav Krej?°,5,1,20,1.eng Wolves
509,Takefusa Kubo,1,0,0,1.es Real Sociedad
510,Brandley Kuwas,0,0,,1.nl Volendam
511,Prince Kwabena Adu,1,1,100,1.cz Viktoria Plze?
512,Maxence Lacroix,0,0,,1.eng Crystal Palace
513,Gustaf Lagerbielke,3,1,33.3,1.pt Braga
514,Konrad Laimer,1,0,0,1.de Bayern Munich
515,Ali Lajami,0,0,,1.sa Al-Hilal
516,Senne Lammens,0,0,,1.eng Manchester Utd
517,Noa Lang,0,0,,1.tr Galatasaray
518,Sondre LangÜs,0,0,,2.eng Derby County
519,Aymeric Laporte,5,2,40,1.es Athletic Club
520,Cyle Larin,9,4,44.4,1.es Mallorca
521,Richie Laryea,2,1,50,1.us Toronto FC
522,Mohanad Lasheen,2,0,0,
523,Issa Laye,1,0,0,1.qa Al-Arabi
524,Rafael Le?o,4,1,25,1.it Milan
525,Mathew Leckie,1,0,0,1.au Melb City
526,Jefferson Lerma,5,1,20,1.eng Crystal Palace
527,Jamie Leweling,1,0,0,1.de Stuttgart
528,Philipp Lienhart,1,0,0,1.de Freiburg
529,Victor Lindelîf,2,0,0,1.eng Aston Villa
530,Erik Lira,0,0,,1.mx Cruz Azul
531,Dominik Livakovi?,0,0,,1.hr Dinamo Zagreb
532,Dailon Livramento,1,0,0,1.pt Casa Pia
533,Marcos Llorente,0,0,,1.es AtlÇtico Madrid
534,Giovani Lo Celso,1,1,100,1.es Real Betis
535,JÅrgen Locadia,1,0,0,2.us Miami FC
536,Azar°as Londo§o,1,0,0,1.ec Univ Cat¢lica
537,Sidny Lopes Cabral,4,2,50,1.pt Benfica
538,Flaco L¢pez,1,0,0,1.br Palmeiras
539,Derrick Luckassen,1,1,100,1.cy Pafos FC
540,Jhon Lucum°,2,0,0,1.it Bologna
541,JosÇ Luis Rodr°guez,3,1,33.3,1.mx FC Ju†rez
542,Romelu Lukaku,6,3,50,1.it Napoli
543,Dodi Lukebakio,7,1,14.3,1.pt Benfica
544,Jovo Luki?,3,2,66.7,1.ro Univ. Cluj
545,Awer Mabil,1,0,0,2.es Castell¢n
546,Alexis Mac Allister,13,4,30.8,1.eng Liverpool
547,Deiver Machado,0,0,,1.fr Nantes
548,Shuto Machino,0,0,,1.de Gladbach
549,Assim Madibo,0,0,,1.qa Al-Wakrah
550,Noni Madueke,6,1,16.7,1.eng Arsenal
551,Daizen Maeda,2,1,50,1.sct Celtic
552,Gabriel Magalh?es,1,0,0,1.eng Arsenal
553,Ermin Mahmi?,4,2,50,1.cz Slovan Liberec
554,Hadj Mahmoud,0,0,,1.ch Lugano
555,Riyad Mahrez,6,3,50,1.sa Al-Ahli
556,Alexandro Maidana,0,0,,1.ar Talleres?C
557,Mike Maignan,0,0,,1.it Milan
558,Evidence Makgopa,4,3,75,1.za Orlando Pirates
559,Ahmed Maknzi,0,0,,1.iq Al-Karma
560,Donyell Malen,4,2,50,1.it Roma
561,Arjan Malic,0,0,,1.at Sturm Graz
562,Mohamed Manai,0,0,,1.qa Al-Shamal Sports Club
563,Aãssa Mandi,0,0,,1.fr Lille
564,Sadio ManÇ,6,3,50,1.sa Al-Nassr
565,Juan Manuel Sanabria,3,0,0,1.mx AtlÇtico San Luis
566,Johan Manzambi,6,3,50,1.de Freiburg
567,Mahmoud Al-Mardi,1,1,100,1.jo Al-Hussein SC
568,Jearl Margaritha,1,0,0,2.be Beveren
569,Omar Marmoush,11,1,9.1,1.eng Manchester City
570,Marquinhos,2,0,0,1.fr PSG
571,Gabriel Martinelli,2,1,50,1.eng Arsenal
572,Guillermo Mart°nez Ayala,0,0,,1.mx UNAM
573,Cristian Mart°nez,1,0,0,1.il Kiryat Shmona
574,Emiliano Mart°nez,0,0,,1.eng Aston Villa
575,Lautaro Mart°nez,10,4,40,1.it Inter
576,Lisandro Mart°nez,4,2,50,1.eng Manchester Utd
577,Thapelo Maseko,8,1,12.5,1.cy AEL Limassol
578,Hazem Mastouri,3,2,66.7,1.ru D. Makhachkala
579,Arthur Masuaku,0,0,,1.fr Lens
580,Igor Matanovi?,4,2,50,1.de Freiburg
581,Pape Matar Sarr,4,0,0,1.eng Tottenham
582,Jean-Philippe Mateta,3,1,33.3,1.eng Crystal Palace
583,Mauricio,4,3,75,1.br Palmeiras
584,Fiston Mayele,5,1,20,1.eg Pyramids FC
585,Ibrahim Maza,11,3,27.3,1.de Leverkusen
586,Noussair Mazraoui,0,0,,1.eng Manchester Utd
587,Kylian MbappÇ,41,23,56.1,1.es Real Madrid
588,Thalente Mbatha,4,1,25,1.za Orlando Pirates
589,Ibrahim Mbaye,4,1,25,1.fr PSG
590,Chancel Mbemba,1,0,0,1.fr Lille
591,Mbekezeli Mbokazi,4,1,25,1.us Chicago Fire
592,Nathanaâl Mbuku,3,2,66.7,2.fr Montpellier
593,Callum McCowatt,4,3,75,1.dk Silkeborg
594,John McGinn,3,1,33.3,1.eng Aston Villa
595,Scott McKenna,0,0,,1.hr Dinamo Zagreb
596,Weston McKennie,5,1,20,1.it Juventus
597,Mark McKenzie,0,0,,1.fr Toulouse
598,Kenny McLean,1,0,0,2.eng Norwich City
599,Scott McTominay,8,3,37.5,1.it Napoli
600,Brandon Mechele,5,1,20,1.be Club Brugge
601,Facundo Medina,0,0,,1.fr Marseille
602,Yaimar Medina,1,0,0,1.be Genk
603,Hannibal Mejbri,3,1,33.3,1.eng Burnley
604,Amar Memi?,3,1,33.3,1.cz Viktoria Plze?
605,Memphis,0,0,,1.br Corinthians
606,Sultan Mendash,0,0,,1.sa Al-Hilal
607,Lucas Mendes,0,0,,1.qa Al-Wakrah
608,Nuno Mendes,3,1,33.3,1.fr PSG
609,Ryan Mendes,6,0,0,2.tr 76 I?d?r Belediyespor
610,êdouard Mendy,0,0,,1.sa Al-Ahli
611,Gideon Mensah,0,0,,1.fr Auxerre
612,Mikel Merino,5,3,60,1.eng Arsenal
613,Lionel Messi,35,18,51.4,1.us Inter Miami
614,Connor Metcalfe,5,2,40,1.de St Pauli
615,Thomas Meunier,2,1,50,1.fr Lille
616,Liam Millar,1,0,0,2.eng Hull City
617,Kim Min-jae,1,1,100,1.de Bayern Munich
618,Yerry Mina,0,0,,1.it Cagliari
619,Alan Minda,2,0,0,1.br AtlÇtico Mineiro
620,Aubrey Modiba,5,1,20,1.za Sundowns
621,Luka Modri?,1,0,0,1.it Milan
622,Relebohile Mofokeng,3,1,33.3,1.za Orlando Pirates
623,Shahriar Moghanlou,3,0,0,1.ae Al-Ittihad Kalba
624,Milad Mohammadi,1,1,100,1.ir Persepolis
625,Mohammad Mohebi,2,1,50,1.ru Rostov
626,Johan Mojica,3,2,66.7,1.es Mallorca
627,Teboho Mokoena,4,2,50,1.za Sundowns
628,Nahuel Molina,1,0,0,1.es AtlÇtico Madrid
629,Jamiro Monteiro,5,1,20,1.nl Zwolle
630,CÇsar Montes,1,1,100,1.ru Loko Moscow
631,Gonzalo Montiel,1,0,0,1.ar River Plate
632,Kim Moon-hwan,0,0,,1.kr Daejeon Hana
633,Gilberto Mora,5,0,0,1.mx Tijuana
634,Diego Moreira,0,0,,1.fr Strasbourg
635,Steven Moreira,2,0,0,1.us Columbus Crew
636,Tshepang Moremi,0,0,,1.za Orlando Pirates
637,Orlando Mosquera,0,0,,1.sa Al-Fayha
638,Samir El Mourabet,0,0,,1.fr Strasbourg
639,Samuel Moutoussamy,3,0,0,1.gr Atromitos
640,Akmal Mozgovoy,1,0,0,1.uz Pakhtakor Tashkent FK
641,Lionel Mpasi,0,0,,1.fr Le Havre
642,Khuliso Mudau,0,0,,1.za Sundowns
643,Tarik Muharemovic,1,0,0,1.it Sassuolo
644,Miro Muheim,0,0,,1.de Hamburger SV
645,Ngal'Ayel Mukau,1,0,0,1.fr Lille
646,Mert MÅldÅr,3,0,0,1.tr Fenerbaháe
647,Daniel Mu§oz,3,2,66.7,1.eng Crystal Palace
648,Petar Musa,1,1,100,1.us FC Dallas
649,Jamal Musiala,6,1,16.7,1.de Bayern Munich
650,Fernando Muslera,0,0,,1.tr Galatasaray
651,Phillipp Mwene,1,0,0,1.de Mainz 05
652,David M?ller Wolfe,0,0,,1.eng Wolves
653,Y?to Nagatomo,0,0,,1.jp FC Tokyo
654,Keito Nakamura,5,2,40,2.fr Reims
655,Abdallah Nasib,0,0,,1.iq Al-Zawra'a SC
656,Sherzod Nasrullaev,1,1,100,1.uz FC Nasaf
657,Duckens Nazon,1,1,100,1.ir Esteghlal
658,Iliman Ndiaye,3,2,66.7,1.eng Everton
659,Dan Ndoye,16,8,50,1.eng Nottingham
660,Jayden Nelson,1,0,0,1.us Austin FC
661,Ali Nemati,1,0,0,1.ir Foolad
662,Abduvohid Nematov,0,0,,1.uz FC Nasaf
663,Pedro Neto,1,0,0,1.eng Chelsea
664,Manuel Neuer,0,0,,1.de Bayern Munich
665,Jo?o Neves,3,1,33.3,1.fr PSG
666,R£ben Neves,2,0,0,1.sa Al-Hilal
667,Neymar,3,2,66.7,1.br Santos
668,Nathan Ngoy,1,0,0,1.fr Lille
669,Moussa NiakhatÇ,1,0,0,1.fr Lyon
670,Gustaf Nilsson,1,0,0,1.be Club Brugge
671,Felix Nmecha,8,3,37.5,1.de Dortmund
672,Kristoffer Nordfeldt,0,0,,1.se AIK Stockholm
673,Tyrese Noslin,0,0,,1.nl Telstar
674,Ernest Nuamah,0,0,,1.fr Lyon
675,Matheus Nunes,0,0,,1.eng Manchester City
676,Darwin N£§ez,2,0,0,1.sa Al-Hilal
677,Antonio Nusa,6,2,33.3,1.de RB Leipzig
678,Benjamin Nygren,1,0,0,1.sct Celtic
679,?rjan Nyland,0,0,,1.es Sevilla
680,Aiden O'Neill,2,0,0,1.us NYCFC
681,Nico O'Reilly,7,1,14.3,1.eng Manchester City
682,Salim Obaid,0,0,,1.jo Al-Hussein SC
683,Armando Obispo,0,0,,1.nl PSV
684,Guillermo Ochoa,0,0,,1.cy AEL Limassol
685,K?ki Ogawa,3,0,0,1.nl NEC Nijmegen
686,Braian Ojeda,0,0,,1.us Orlando City
687,Noah Okafor,1,0,0,1.eng Leeds United
688,Ime Okon,1,0,0,2.de Hannover 96
689,Paul Okon-Engstler,0,0,,1.au Sydney FC
690,Ben Old,0,0,,2.fr Saint-êtienne
691,Michael Olise,20,5,25,1.de Bayern Munich
692,Math°as Olivera,1,0,0,1.it Napoli
693,Dani Olmo,13,2,15.4,1.es Barcelona
694,Tani Oluwaseyi,8,4,50,1.es Villarreal
695,Ali Olwan,6,3,50,1.qa Al-Sailiya SC
696,Amadou Onana,2,0,0,1.eng Aston Villa
697,Christopher OpÇri,0,0,,1.tr Ba?ak?ehir
698,Jerome Opoku,0,0,,1.tr Ba?ak?ehir
699,Joel Ord¢§ez,2,0,0,1.be Club Brugge
700,Jonathan Osorio,1,0,0,1.us Toronto FC
701,Nicol†s Otamendi,1,0,0,1.pt Benfica
702,Zakaria El Ouahdi,0,0,,1.be Genk
703,Ayoub Al-Oui,0,0,,1.qa Al-Gharafa Sports Club
704,Azzedine Ounahi,5,3,60,1.es Girona
705,Mohammed Al-Owais,0,0,,1.sa Al-Ula
706,Elisha Owusu,0,0,,1.fr Auxerre
707,Mikel Oyarzabal,23,12,52.2,1.es Real Sociedad
708,Salih ôzcan,0,0,,1.de Dortmund
709,Willian Pacho,1,1,100,1.fr PSG
710,Kendry P†ez,0,0,,1.ar River Plate
711,Exequiel Palacios,0,0,,1.de Leverkusen
712,Lucas Paquet†,5,1,20,1.br Flamengo
713,Leandro Paredes,4,1,25,1.ar Boca Juniors
714,Thomas Partey,2,0,0,1.es Villarreal
715,Marco Pa?ali?,3,2,66.7,1.us Orlando City
716,Mario Pa?ali?,4,1,25,1.it Atalanta
717,Nathan Patterson,0,0,,1.eng Everton
718,Jo?o Paulo Fernandes,2,0,0,1.ro FCSB
719,Aleksandar Pavlovic,4,1,25,1.de Bayern Munich
720,Tim Payne,1,0,0,1.au Wellington
721,Nicol†s Paz,1,0,0,1.it Como
722,Marcus Pedersen,1,1,100,1.it Torino
723,Pedri,5,2,40,1.es Barcelona
724,Nicolas PÇpÇ,6,3,50,1.es Villarreal
725,Ricardo Pepi,5,0,0,1.nl PSV
726,Kojo Peprah Oppong,0,0,,1.fr Nice
727,Ivan Peri?i?,2,2,100,1.nl PSV
728,Jens Petter Hauge,0,0,,1.no Bod?/Glimt
729,Charles Pickel,1,0,0,1.es Espanyol
730,Jordan Pickford,0,0,,1.eng Everton
731,Pico,2,0,0,1.ie Shamrock
732,Frantzdy Pierrot,3,1,33.3,1.tr Rizespor
733,Kevin Pina,5,1,20,1.ru Krasnodar
734,Wagner Pina,1,0,0,1.tr Trabzonspor
735,Orbel°n Pineda,1,0,0,1.gr AEK Athens
736,YÇremy Pino,0,0,,1.eng Crystal Palace
737,Isidro Pitta,0,0,,1.br RB Bragantino
738,Johny Placide,0,0,,2.fr Bastia
739,Gonzalo Plata,8,5,62.5,1.br Flamengo
740,Marin Pongra?i?,1,0,0,1.it Fiorentina
741,Jackson Porozo,0,0,,1.mx Tijuana
742,Pedro Porro,7,3,42.9,1.eng Tottenham
743,Stefan Posch,3,0,0,1.de Mainz 05
744,Alexander Prass,0,0,,1.de Hoffenheim
745,?ngelo Preciado,0,0,,1.br AtlÇtico Mineiro
746,Ruben Providence,4,1,25,2.nl Almere City
747,Luk†? Provod,1,0,0,1.cz Slavia Prague
748,Marc Pubill,0,0,,1.es AtlÇtico Madrid
749,Gustavo Puerta,14,5,35.7,2.es Racing Sant
750,Christian Pulisic,4,2,50,1.it Milan
751,Ahmed Qasem,0,0,,1.us Nashville SC
752,Jarell Quansah,0,0,,1.de Leverkusen
753,Juli†n Qui§ones,14,6,42.9,1.sa Al-Qadsiah
754,Alberto Quintero,0,0,,1.pa Plaza Amador
755,Juan Quintero,4,0,0,1.ar River Plate
756,Ramy Rabia,1,1,100,1.ae Al Ain
757,Adrien Rabiot,9,1,11.1,1.it Milan
758,Stjepan Radelji?,1,0,0,1.hr Rijeka
759,Soufiane Rahimi,6,4,66.7,1.ae Al Ain
760,Abdul Rahman Baba,0,0,,1.gr PAOK
761,Anthony Ralston,1,1,100,1.sct Celtic
762,Gonáalo Ramos,2,1,50,1.fr PSG
763,Jiovany Ramos,2,0,0,1.ve Puerto Cabello
764,Jesse Randall,1,0,0,1.au Auckland FC
765,Ra£l Rangel,0,0,,1.mx Guadalajara
766,Raphinha,3,2,66.7,1.es Barcelona
767,Nizar Al Rashdan,2,1,50,1.qa Qatar SC
768,Marcus Rashford,12,5,41.7,1.es Barcelona
769,Nicolas Raskin,2,1,50,1.sct Rangers
770,David Raum,1,1,100,1.de RB Leipzig
771,Noor Al Rawabdeh,1,0,0,1.my Selangor FA
772,Rayan,5,2,40,1.eng Bournemouth
773,Iqraam Rayners,1,0,0,1.za Sundowns
774,Tim Ream,0,0,,1.us Charlotte
775,Tijjani Reijnders,4,2,50,1.eng Manchester City
776,Omar Rekik,1,1,100,1.si NK Maribor
777,Israel Reyes,2,0,0,1.mx AmÇrica
778,Gio Reyna,2,1,50,1.de Gladbach
779,Ramin Rezaeian,4,2,50,1.ir Foolad
780,Chadi Riad,1,0,0,1.eng Crystal Palace
781,Declan Rice,6,3,50,1.eng Arsenal
782,Chris Richards,1,0,0,1.eng Crystal Palace
783,Fabian Rieder,7,2,28.6,1.de Augsburg
784,Richard R°os,5,1,20,1.pt Benfica
785,R¢-R¢,3,1,33.3,1.qa Al Sadd
786,Andy Robertson,0,0,,1.eng Liverpool
787,Antonee Robinson,0,0,,1.eng Fulham
788,Miles Robinson,1,0,0,1.us FC Cincinnati
789,Sergio Rochet,0,0,,1.br Internacional
790,Rodri,7,0,0,1.eng Manchester City
791,Garry Rodrigues,1,0,0,1.cy Apollon Limassol
792,Brian Rodr°guez,3,1,33.3,1.mx AmÇrica
793,James Rodr°guez,6,3,50,1.us Minnesota Utd
794,Kevin Rodr°guez,6,1,16.7,1.be Union SG
795,Ricardo Rodr°guez,1,0,0,1.es Real Betis
796,Tom†s Rodr°guez,1,1,100,1.cr Saprissa
797,Godfried Roemeratoe,0,0,,2.nl RKC Waalwijk
798,Morgan Rogers,3,1,33.3,1.eng Aston Villa
799,Cristian Romero,3,1,33.3,1.eng Tottenham
800,Luis Romo,3,1,33.3,1.mx Guadalajara
801,Cristiano Ronaldo,18,9,50,1.sa Al-Nassr
802,Eloy Room,0,0,,2.us Miami FC
803,Marten de Roon,0,0,,1.it Atalanta
804,Saed Al-Rosan,0,0,,1.jo Al-Hussein SC
805,Antonio RÅdiger,1,0,0,1.es Real Madrid
806,Fabi†n Ruiz Pe§a,8,2,25,1.fr PSG
807,Mathew Ryan,0,0,,1.es Levante
808,Julian Ryerson,0,0,,1.de Dortmund
809,Elias Saad,1,0,0,2.de Hannover 96
810,Marwane SaÉdane,0,0,,1.sa Al-Fateh
811,Mustafa Saadoon,0,0,,1.iq Al-Shorta
812,Mahmoud Saber,3,1,33.3,1.eg ZED
813,Marcel Sabitzer,5,2,40,1.de Dortmund
814,Noah Sadiki,0,0,,1.eng Sunderland
815,Michal Sad°lek,7,3,42.9,1.cz Slavia Prague
816,Alexis Saelemaekers,4,1,25,1.it Milan
817,Ismael Saibari,10,3,30,1.nl PSV
818,Bukayo Saka,13,7,53.8,1.eng Arsenal
819,Mohamed Salah,9,4,44.4,1.eng Liverpool
820,Anass Salah-Eddine,1,0,0,1.nl PSV
821,Nathan Saliba,3,1,33.3,1.be Anderlecht
822,William Saliba,1,0,0,1.eng Arsenal
823,Shurandy Sambo,0,0,,1.nl Sparta R.
824,Antonio Sanabria,0,0,,1.it Cremonese
825,Davinson S†nchez,6,2,33.3,1.tr Galatasaray
826,Jorge S†nchez,1,1,100,1.gr PAOK
827,Alex Sandro,0,0,,1.br Flamengo
828,Leroy SanÇ,6,2,33.3,1.tr Galatasaray
829,Ibrahim SangarÇ,1,0,0,1.eng Nottingham
830,Kaish? Sano,1,1,100,1.de Mainz 05
831,Danilo Santos,2,1,50,1.br Botafogo?RJ
832,Douglas Santos,2,0,0,1.ru Zenit
833,Bara Sapoko Ndiaye,1,1,100,1.de Bayern Munich
834,Ismaila Sarr,17,6,35.3,1.eng Crystal Palace
835,Farrukh Sayfiev,0,0,,1.uz Neftchi FK
836,Amine Sbai,0,0,,1.fr Angers
837,Joe Scally,0,0,,1.de Gladbach
838,Patrik Schick,2,1,50,1.de Leverkusen
839,Andreas Schjelderup,3,2,66.7,1.pt Benfica
840,Alexander Schlager,0,0,,1.at RB Salzburg
841,Xaver Schlager,1,0,0,1.de RB Leipzig
842,Nico Schlotterbeck,2,2,100,1.de Dortmund
843,Romano Schmid,2,1,50,1.de Werder Bremen
844,Kamogelo Sebelebele,0,0,,1.za Orlando Pirates
845,Abdoulaye Seck,2,0,0,1.il Maccabi Haifa
846,Alidu Seidu,0,0,,1.fr Rennes
847,Nicolas Seiwald,3,0,0,1.de RB Leipzig
848,Ayumu Seko,0,0,,1.fr Le Havre
849,Egil Selvik,0,0,,2.eng Watford
850,Ken Sema,1,0,0,1.cy Pafos FC
851,NÇlson Semedo,0,0,,1.tr Fenerbaháe
852,Willy Semedo,3,0,0,1.cy AC Omonia
853,Antoine Semenyo,6,0,0,1.eng Manchester City
854,Marvin Senaya,2,0,0,1.fr Auxerre
855,Marcos Senesi,1,0,0,1.eng Bournemouth
856,Igor Sergeev,0,0,,1.ir Persepolis
857,Jean Seri,0,0,,1.si NK Maribor
858,Kim Seung-gyu,0,0,,1.jp FC Tokyo
859,Paik Seung-ho,0,0,,2.eng Birmingham City
860,Joaquin Seys,0,0,,1.be Club Brugge
861,Jacob Shaffelburg,3,0,0,1.us LAFC
862,Mohammed Abu Al-Shamat,1,1,100,1.sa Al-Qadsiah
863,Lawrence Shankland,4,0,0,1.sct Hearts
864,Sharara,0,0,,1.ma Raja Casablanca
865,Aimar Sher,0,0,,1.no Sarpsborg 08
866,Kento Shiogai,0,0,,1.de Wolfsburg
867,Mostafa Shobeir,0,0,,1.eg Al Ahly
868,Eldor Shomurodov,4,2,50,1.tr Ba?ak?ehir
869,Otabek Shukurov,2,0,0,1.ae Baniyas FC
870,Nkosinathi Sibisi,0,0,,1.za Orlando Pirates
871,Kwasi Sibo,0,0,,1.es Oviedo
872,Niko Sigur,1,0,0,1.hr Hajduk Split
873,Bernardo Silva,1,0,0,1.eng Manchester City
874,êderson Silva,2,0,0,1.it Atalanta
875,Giuliano Simeone,1,0,0,1.es AtlÇtico Madrid
876,Dominique Simon,1,1,100,1.sk 1. FC Tatran Pre?ov B
877,Unai Sim¢n,0,0,,1.es Athletic Club
878,Sarpreet Singh,4,2,50,1.au Wellington
879,Wilfried Singo,2,0,0,1.tr Galatasaray
880,Sphephelo Sithole,0,0,,1.pt Tondela
881,Ellyes Skhiri,0,0,,1.de Frankfurt
882,Alexandr Sojka,0,0,,1.cz Viktoria Plze?
883,Ram¢n Sosa,0,0,,1.br Palmeiras
884,Tom†? Sou?ek,1,0,0,1.eng West Ham
885,Harry Souttar,1,1,100,2.eng Leicester City
886,Djibril Sow,2,1,50,1.es Sevilla
887,Äa?lar SîyÅncÅ,0,0,,1.tr Fenerbaháe
888,Djed Spence,2,2,100,1.eng Tottenham
889,Marko Stamenic,3,0,0,2.eng Swansea City
890,Josip Stani?i?,0,0,,1.de Bayern Munich
891,Carl Starfelt,0,0,,1.es Celta Vigo
892,Ross Stewart,0,0,,2.eng Southampton
893,Angelo Stiller,0,0,,1.de Stuttgart
894,John Stones,1,0,0,1.eng Manchester City
895,J?rgen Strand Larsen,2,1,50,1.eng Crystal Palace
896,Elliot Stroud,1,0,0,1.se MjÑllby
897,Luis Su†rez,9,0,0,1.pt Sporting CP
898,Luka Su?i?,1,0,0,1.es Real Sociedad
899,Petar Su?i?,3,2,66.7,1.it Inter
900,Yukinari Sugawara,2,2,100,1.de Werder Bremen
901,Rebin Sulaka,1,0,0,1.th Port FC
902,Pavel ?ulc,2,0,0,1.fr Lyon
903,Kamaldeen Sulemana,1,0,0,1.us Atlanta Utd
904,Crysencio Summerville,2,2,100,1.eng West Ham
905,Ivan ?unji?,1,1,100,1.cy Pafos FC
906,Finn Surman,2,1,50,1.us Portland Timbers
907,Josip ?utalo,1,0,0,1.nl Ajax
908,Junnosuke Suzuki,0,0,,1.dk FC Copenhagen
909,Yuito Suzuki,0,0,,1.de Freiburg
910,Zion Suzuki,0,0,,1.it Parma
911,Mattias Svanberg,3,2,66.7,1.de Wolfsburg
912,Daniel Svensson,1,0,0,1.de Dortmund
913,Alexander S?rloth,5,0,0,1.es AtlÇtico Madrid
914,Musa Al-Taamari,8,3,37.5,1.fr Rennes
915,Haris Tabakovi?,0,0,,2.de Schalke 04
916,Lee Tae-seok,0,0,,1.at Austria Wien
917,Nicol†s Tagliafico,0,0,,1.fr Lyon
918,Jonathan Tah,1,1,100,1.de Bayern Munich
919,Benjamin Tahirovic,1,0,0,1.dk Br?ndby
920,Zaid Tahseen,2,0,0,1.uz Pakhtakor Tashkent FK
921,Chemsdine Talbi,2,0,0,1.eng Sunderland
922,Montassar Talbi,1,0,0,1.fr Lorient
923,Hassan Al Tambakti,0,0,,1.sa Al-Hilal
924,Ao Tanaka,2,0,0,1.eng Leeds United
925,Shogo Taniguchi,0,0,,1.be Sint-Truiden
926,Mehdi Taremi,5,2,40,1.gr Olympiacos
927,AurÇlien TchouamÇni,3,0,0,1.es Real Madrid
928,Arthur Theate,5,1,20,1.de Frankfurt
929,Igor Thiago,2,1,50,1.eng Brentford
930,Malick Thiaw,0,0,,1.eng Newcastle
931,Ryan Thomas,0,0,,1.nl Zwolle
932,Brandon Thomas-Asante,1,0,0,2.eng Coventry City
933,Morten Thorsby,0,0,,1.it Cremonese
934,Kristian Thorstvedt,3,1,33.3,1.it Sassuolo
935,Marcus Thuram,0,0,,1.it Inter
936,Youri Tielemans,11,3,27.3,1.eng Aston Villa
937,Kieran Tierney,2,0,0,1.sct Celtic
938,Guus Til,0,0,,1.nl PSV
939,Malik Tillman,8,4,50,1.de Leverkusen
940,Quinten Timber,0,0,,1.fr Marseille
941,Takehiro Tomiyasu,1,0,0,1.nl Ajax
942,Ivan Toney,2,1,50,1.sa Al-Ahli
943,Mehdi Torabi,0,0,,1.ir Tractor
944,FÇlix Torres Caicedo,0,0,,1.br Internacional
945,Ferran Torres,14,4,28.6,1.es Barcelona
946,Sebastian Tounekti,0,0,,1.sct Celtic
947,Bazoumana TourÇ,0,0,,1.de Hoffenheim
948,Mo TourÇ,4,1,25,2.eng Norwich City
949,Kai Trewin,1,0,0,1.us NYCFC
950,TrÇzÇguet,8,3,37.5,1.eg Al Ahly
951,Francisco Trinc?o,1,0,0,1.pt Sporting CP
952,Leandro Trossard,17,3,17.6,1.eng Arsenal
953,Auston Trusty,3,2,66.7,1.sct Celtic
954,Axel Tuanzebe,0,0,,1.eng Burnley
955,Matt Turner,0,0,,1.us NE Revolution
956,Ayase Ueda,9,4,44.4,1.nl Feyenoord
957,Manuel Ugarte,3,1,33.3,1.eng Manchester Utd
958,Deniz Undav,6,4,66.7,1.de Stuttgart
959,Dayot Upamecano,4,2,50,1.de Bayern Munich
960,Jakhongir Urozov,0,0,,1.uz FK Dinamo Samarqand
961,Oston Urunov,0,0,,1.ir Persepolis
962,Can Uzun,4,1,25,1.de Frankfurt
963,Enner Valencia,10,6,60,1.mx Pachuca
964,Yan Valery,0,0,,1.ch Young Boys
965,Federico Valverde,10,2,20,1.es Real Madrid
966,Virgil van Dijk,2,2,100,1.eng Liverpool
967,Hans Vanaken,5,1,20,1.be Club Brugge
968,Guillermo Varela,2,0,0,1.br Flamengo
969,HÇlio Varela,3,1,33.3,1.il Maccabi Tel Aviv
970,Camilo Vargas,0,0,,1.mx Atlas
971,Obed Vargas,1,1,100,1.es AtlÇtico Madrid
972,Ruben Vargas,6,4,66.7,1.es Sevilla
973,Nikola Vasilj,0,0,,1.de St Pauli
974,Johan V†squez,1,0,0,1.it Genoa
975,Alexis Vega,0,0,,1.mx Toluca
976,Renato Veiga,2,0,0,1.es Villarreal
977,Gustavo Vel†squez,0,0,,1.py Cerro Porte§o
978,Nishan Velupillay,0,0,,1.au Melb. Victory
979,Micky van de Ven,3,1,33.3,1.eng Tottenham
980,Bart Verbruggen,0,0,,1.eng Brighton
981,Mat°as Vi§a,0,0,,1.br Flamengo
982,Federico Vi§as,6,3,50,1.es Oviedo
983,Denis Vi?insk?,3,0,0,1.cz Viktoria Plze?
984,Pedro Vite,4,1,25,1.mx UNAM
985,Vitinha,4,0,0,1.fr PSG
986,Nikola Vla?i?,3,1,33.3,1.it Torino
987,Cristian Volpato,4,1,25,1.it Sassuolo
988,Vozinha,0,0,,2.pt Chaves
989,Francis de Vries,0,0,,1.au Auckland FC
990,Luka Vu?kovi?,0,0,,1.de Hamburger SV
991,Elye Wahi,3,2,66.7,1.fr Nice
992,Aaron Wan-Bissaka,0,0,,1.eng West Ham
993,Paul Wanner,1,0,0,1.nl PSV
994,Tsuyoshi Watanabe,0,0,,1.nl Feyenoord
995,Cecilio Waterman,2,1,50,1.cl U Concepci¢n
996,Ollie Watkins,1,0,0,1.eng Aston Villa
997,Timothy Weah,2,0,0,1.fr Marseille
998,Wout Weghorst,0,0,,1.nl Ajax
999,Jacob Widell Zetterstrîm,0,0,,2.eng Derby County
1000,Silvan Widmer,0,0,,1.de Mainz 05
1001,I§aki Williams,3,0,0,1.es Athletic Club
1002,Nico Williams,4,2,50,1.es Athletic Club
1003,Ronwen Williams,0,0,,1.za Sundowns
1004,Patrick Wimmer,1,0,0,1.de Wolfsburg
1005,Florian Wirtz,10,1,10,1.eng Liverpool
1006,Yoane Wissa,11,3,27.3,1.eng Newcastle
1007,Axel Witsel,0,0,,1.es Girona
1008,Nick Woltemade,2,0,0,1.eng Newcastle
1009,Chris Wood,5,2,40,1.eng Nottingham
1010,Haji Wright,0,0,,2.eng Coventry City
1011,Granit Xhaka,9,2,22.2,1.eng Sunderland
1012,Kevin Yakob,1,0,0,1.dk AGF
1013,Lamine Yamal,27,12,44.4,1.es Barcelona
1014,Yannick,1,0,0,2.pt Farense
1015,Gessime Yassine,2,1,50,1.fr Strasbourg
1016,John Yeboah,8,3,37.5,2.it Venezia
1017,Tete Yengi,1,1,100,1.jp Machida Zelvia
1018,Kenan Y?ld?z,14,1,7.1,1.it Juventus
1019,Caleb Yirenkyi,2,1,50,1.dk Nordsjëlland
1020,Seol Young-woo,2,0,0,1.rs Red Star
1021,Manaf Younis,0,0,,1.iq Al-Shorta
1022,Aria Yousefi,1,1,100,1.ir Sepahan
1023,Ali Yousif,0,0,,1.iq Al-Talaba
1024,?smail YÅksek,5,0,0,1.tr Fenerbaháe
1025,Utkir Yusupov,0,0,,1.uz Navbahor
1026,Warren Zaãre-Emery,1,0,0,1.fr PSG
1027,Denis Zakaria,5,2,40,1.fr Monaco
1028,Jaroslav Zelen?,1,0,0,1.cz Sparta Prague
1029,Alejandro Zendejas,1,0,0,1.mx AmÇrica
1030,Besfort Zeneli,1,1,100,1.be Union SG
1031,Ramiz Zerrouki,0,0,,1.nl Twente
1032,Luca Zidane,0,0,,2.es Granada
1033,Mostafa Ziko,8,3,37.5,1.eg Pyramids FC
1034,David Zima,0,0,,1.cz Slavia Prague
1035,Zizo,3,1,33.3,1.eg Al Ahly
1036,Mart°n Zubimendi,0,0,,1.eng Arsenal
1037,Themba Zwane,0,0,,1.za Sundowns
1038,Martin ?degaard,9,3,33.3,1.eng Arsenal
1039,Leo ?stigÜrd,3,1,33.3,1.it Genoa
