Rk,Player,Club,MP,Min
1,Hussein Ali,1.pl Pogoń Szczecin,2,162
2,Mohanad Ali,1.ae Dibba Al Fujairah,1,13
3,Amir Al Ammari,1.pl Cracovia,3,247
4,Youssef Amyn,1.cy AEK Larnaca,1,31
5,Ahmed Basil,1.iq Al-Shorta,2,135
6,Ibrahim Bayesh,1.ae Al Dhafra SCC,3,235
7,Frans Dhia Putros,1.id Persib Bandung,1,90
8,Merchas Doski,1.cz Viktoria Plzeň,3,270
9,Marko Farji,2.it Venezia,2,54
10,Ali Al Hamadi,2.eng Ipswich Town,3,180
11,Akam Hashim,1.iq Al-Zawra'a SC,3,270
12,Jalal Hassan,1.iq Al-Zawra'a SC,2,135
13,Ayman Hussein,1.iq Al-Karma,2,115
14,Zidane Iqbal,1.nl Utrecht,3,188
15,Zaid Ismail,1.iq Al-Talaba,2,117
16,Ali Jasim,1.sa Al-Najma,2,129
17,Ahmed Maknzi,1.iq Al-Karma,1,33
18,Ahmed Qasem,1.us Nashville SC,3,123
19,Mustafa Saadoon,1.iq Al-Shorta,1,18
20,Aimar Sher,1.no Sarpsborg 08,1,23
21,Rebin Sulaka,1.th Port FC,2,43
22,Zaid Tahseen,1.uz Pakhtakor Tashkent FK,2,149
23,Fahad Talib,1.iq Al-Talaba,0,
24,Ahmed Yahya,1.iq Al-Shorta,,
25,Kevin Yakob,1.dk AGF,1,24
26,Manaf Younis,1.iq Al-Shorta,1,75
27,Ali Yousif,1.iq Al-Talaba,1,33
28,Ali Abdi,1.fr Nice,3,269
29,Elias Achouri,1.dk FC Copenhagen,3,43
30,Adem Arous,1.tr Kasımpaşa,0,
31,Khalil Ayari,1.fr PSG,0,
32,Sabri Ben Hassen,1.tn Étoile du Sahel,0,
33,Mortadha Ben Ouanes,1.tr Kasımpaşa,1,23
34,Anis Ben Slimane,2.eng Norwich City,3,240
35,Dylan Bronn,1.ch Servette FC,1,45
36,Mouhib Chamakh,1.tn Club Africain,1,90
37,Firas Chaouat,1.tn Club Africain,3,49
38,Raed Chikhaoui,1.tn Monastir,0,
39,Aymen Dahmen,1.tn Ahly Sfaxien,2,180
40,Rayan Elloumi,1.us Vancouver,0,
41,Ismaël Gharbi,1.de Augsburg,3,127
42,Mohamed Amine Ben Hamida,1.tn Espérance Tunis,3,202
43,Rani Khedira,1.de Union Berlin,3,149
44,Hadj Mahmoud,1.ch Lugano,2,43
45,Hazem Mastouri,1.ru D. Makhachkala,1,89
46,Hannibal Mejbri,1.eng Burnley,3,270
47,Moutaz Neffati,2.se Norrköping,0,
48,Omar Rekik,1.si NK Maribor,2,180
49,Elias Saad,2.de Hannover 96,2,116
50,Ellyes Skhiri,1.de Frankfurt,3,250
51,Montassar Talbi,1.fr Lorient,3,270
52,Sebastian Tounekti,1.sct Celtic,3,84
53,Yan Valery,1.ch Young Boys,3,251
54,Abdulla Abdullaev,1.ae Dibba Al Fujairah,2,180
55,Khojiakbar Alijonov,1.uz Pakhtakor Tashkent FK,2,135
56,Azizbek Amonov,1.uz FK Bukhara Nurafshon,1,14
57,Rustam Ashurmatov,1.ir Esteghlal,3,256
58,Botirali Ergashev,1.uz Neftchi FK,0,
59,Sherzod Esanov,1.uz FK Bukhara Nurafshon,1,1
60,Umar Eshmurodov,1.uz FC Nasaf,0,
61,Abbosbek Fayzullayev,1.tr Başakşehir,3,220
62,Aziz Ganiev,1.ae Al Bataeh,,
63,Odiljon Hamrobekov,1.ir Tractor,2,77
64,Jamshid Iskanderov,1.uz Neftchi FK,1,9
65,Ruslanbek Jiyanov,1.uz Navbahor,1,1
66,Bekhruz Karimov,1.uz FC Surkhon,2,179
67,Dostonbek Khamdamov,1.uz Pakhtakor Tashkent FK,2,103
68,Abdukodir Khusanov,1.eng Manchester City,3,270
69,Jaloliddin Masharipov,1.ir Esteghlal,,
70,Akmal Mozgovoy,1.uz Pakhtakor Tashkent FK,3,216
71,Sherzod Nasrullaev,1.uz FC Nasaf,3,180
72,Abduvohid Nematov,1.uz FC Nasaf,2,180
73,Farrukh Sayfiev,1.uz Neftchi FK,1,45
74,Igor Sergeev,1.ir Persepolis,3,28
75,Eldor Shomurodov,1.tr Başakşehir,3,269
76,Otabek Shukurov,1.ae Baniyas FC,3,237
77,Avazbek Ulmasaliev,1.uz OKMK,0,
78,Jakhongir Urozov,1.uz FK Dinamo Samarqand,2,95
79,Oston Urunov,1.ir Persepolis,2,63
80,Utkir Yusupov,1.uz Navbahor,1,90
81,Ricardo Adé,1.ec LDU Quito,3,270
82,Carlens Arcus,1.fr Angers,3,146
83,Jean-Ricner Bellegarde,1.eng Wolves,3,260
84,Josué Casimir,1.fr Auxerre,3,182
85,Louicius Deedson,1.us FC Dallas,3,112
86,Hannes Delcroix,1.ch Lugano,3,270
87,Josué Duverger,5.de Cosmos Koblenz,0,
88,Jean-Kevin Duverne,1.be Gent,2,169
89,Derrick Etienne,1.us Toronto FC,1,10
90,Martin Expérience,2.fr Nancy,3,270
91,Yassin Fortuné,2.pt Vizela,1,6
92,Carl Fred Sainté,2.us El Paso,0,
93,Wilson Isidor,1.eng Sunderland,3,186
94,Danley Jean-Jacques,1.us Philadelphia,3,259
95,Lenny Joseph,1.hu Ferencváros,3,117
96,Duke Lacroix,2.us CS Switchbacks,0,
97,Garven Metusala,2.us CS Switchbacks,0,
98,Duckens Nazon,1.ir Esteghlal,1,24
99,Wilguens Paugain,1.be Zulte Waregem,0,
100,Alexandre Pierre,3.fr Sochaux,0,
101,Leverton Pierre,2.pt Vizela,,
102,Woodensky Pierre,1.ht Violette AC,0,
103,Frantzdy Pierrot,1.tr Rizespor,3,143
104,Johny Placide,2.fr Bastia,3,270
105,Ruben Providence,2.nl Almere City,3,220
106,Dominique Simon,1.sk 1. FC Tatran Prešov B,2,56
107,Keeto Thermoncy,1.ch Young Boys,0,
108,Husam Abu Dahab,1.kw Al-Salmiya SC,2,178
109,Mohammad Abu Hasheesh,1.iq Al-Karma,1,6
110,Mohannad Abu Taha,1.iq Al-Quwa Al-Jawiya,3,264
111,Mo Abualnadi,1.my Selangor FA,1,71
112,Yazeed Abulaila,1.jo Al-Hussein SC,3,270
113,Yazan Al-Arab,1.kr FC Seoul,3,270
114,Rajaei Ayed,1.jo Al-Hussein SC,0,
115,Ali Azaizeh,1.sa Al-Shabab,3,54
116,Anas Badawi,1.jo Al-Faisaly,0,
117,Nour Bani Attiah,1.jo Al-Faisaly,0,
118,Mohammad Al-Dawud,1.jo Al-Wehdat SC,1,3
119,Abdallah Al-Fakhouri,1.jo Al-Wehdat SC,0,
120,Odeh Al-Fakhouri,1.eg Pyramids FC,3,148
121,Ihsan Haddad,1.jo Al-Hussein SC,3,260
122,Amer Jamous,1.iq Al-Zawra'a SC,1,15
123,Mahmoud Al-Mardi,1.jo Al-Hussein SC,3,130
124,Abdallah Nasib,1.iq Al-Zawra'a SC,3,260
125,Salim Obaid,1.jo Al-Hussein SC,3,21
126,Ali Olwan,1.qa Al-Sailiya SC,3,268
127,Nizar Al Rashdan,1.qa Qatar SC,3,255
128,Noor Al Rawabdeh,1.my Selangor FA,3,270
129,Saed Al-Rosan,1.jo Al-Hussein SC,1,10
130,Ibrahim Sabra,1.hr Lokomotiva,,
131,Ibrahim Sadeh,1.iq Al-Karma,0,
132,Sharara,1.ma Raja Casablanca,2,2
133,Musa Al-Taamari,1.fr Rennes,3,215
134,Mohammad Taha,1.jo Al-Hussein SC,0,
135,Michael Amir Murillo,1.tr Beşiktaş,3,270
136,Andrés Andrade Cedeño,1.at LASK,3,270
137,Yoel Bárcenas,1.mx Mazatlán,3,249
138,César Blackman,1.sk Slovan Bratislava,2,178
139,Adalberto Carrasquilla,1.mx UNAM,0,
140,José Córdoba,2.eng Norwich City,3,270
141,Erick Davis,1.pa Plaza Amador,2,4
142,Ismael Díaz,1.mx León,2,37
143,Fidel Escobar,1.cr Saprissa,1,90
144,José Fajardo,1.ec Univ Católica,3,155
145,Edgardo Fariña,1.ru Nizhny Novgorod,0,
146,Aníbal Godoy,1.us San Diego FC,1,1
147,Jorge Gutiérrez,1.ve Dep. La Guaira,1,87
148,Carlos Harvey,1.us Minnesota Utd,3,267
149,Azarías Londoño,1.ec Univ Católica,3,56
150,José Luis Rodríguez,1.mx FC Juárez,3,233
151,Cristian Martínez,1.il Kiryat Shmona,3,242
152,Luis Mejía,1.uy Nacional,0,
153,Roderick Miller,1.az Turan Tovuz,0,
154,Orlando Mosquera,1.sa Al-Fayha,3,270
155,Alberto Quintero,1.pa Plaza Amador,1,3
156,Jiovany Ramos,1.ve Puerto Cabello,2,166
157,Tomás Rodríguez,1.cr Saprissa,2,46
158,César Samudio,1.hn Marathón,0,
159,Cecilio Waterman,1.cl U Concepción,2,76
160,César Yanis,1.cl Cobresal,0,
161,Jeremy Antonisse,1.gr AE Kifisia,2,75
162,Juninho Bacuna,1.nl Volendam,3,254
163,Leandro Bacuna,2.tr 76 Iğdır Belediyespor,3,270
164,Riechedly Bazoer,1.tr Konyaspor,1,90
165,Tyrick Bodak,1.nl Telstar,0,
166,Joshua Brenet,1.tr Kayserispor,2,179
167,Tahith Chong,2.eng Sheffield United,3,247
168,Livano Comenencia,1.ch Zürich,3,233
169,Trevor Doornbusch,2.nl VVV-Venlo,0,
170,Roshon van Eijma,2.nl RKC Waalwijk,1,15
171,Kevin Felida,2.nl Den Bosch,0,
172,Sherel Floranus,1.nl Zwolle,3,270
173,Deveron Fonville,1.nl NEC Nijmegen,3,241
174,Juriën Gaari,2.sa Abha,2,166
175,Kenji Gorré,1.il Maccabi Haifa,1,16
176,Sontje Hansen,2.eng Middlesbrough,1,45
177,Gervane Kastaneer,1.my Terengganu City,3,30
178,Brandley Kuwas,1.nl Volendam,1,1
179,Jürgen Locadia,2.us Miami FC,3,235
180,Jearl Margaritha,2.be Beveren,2,41
181,Ar'jany Martha,3.eng Rotherham,0,
182,Tyrese Noslin,1.nl Telstar,1,14
183,Armando Obispo,1.nl PSV,3,270
184,Godfried Roemeratoe,2.nl RKC Waalwijk,1,7
185,Eloy Room,2.us Miami FC,3,270
186,Shurandy Sambo,1.nl Sparta R.,1,1
187,Yusuf Abdurisag,1.qa Al-Wakrah,2,98
188,Mahmoud Abunada,1.qa Al Rayyan SC,3,270
189,Akram Afif,1.qa Al Sadd,3,238
190,Homam Ahmed,2.es Cultural Leonesa,2,122
191,Ahmed Alaaeldin,1.qa Al Rayyan SC,2,43
192,Almoez Ali,1.qa Al Duhail SC,1,19
193,Meshaal Barsham,1.qa Al Sadd,0,
194,Karim Boudiaf,1.qa Al Duhail SC,2,102
195,Sultan Al-Brake,1.qa Al Duhail SC,2,141
196,Ahmed Fathy,1.qa Al-Arabi,3,150
197,Jassem Gaber,1.qa Al Rayyan SC,3,149
198,Ahmed Al-Ganehi,1.qa Al-Gharafa Sports Club,1,36
199,Abdulaziz Hatem,1.qa Al Rayyan SC,1,45
200,Hassan Al-Haydos,1.qa Al Sadd,2,57
201,Al-Hashmi Al-Hussain,1.qa Al-Arabi,1,32
202,Tahsin Jamshid,1.qa Al Duhail SC,0,
203,Edmilson Junior,1.qa Al Duhail SC,3,210
204,Boualem Khoukhi,1.qa Al Sadd,3,270
205,Issa Laye,1.qa Al-Arabi,3,270
206,Assim Madibo,1.qa Al-Wakrah,2,131
207,Mohamed Manai,1.qa Al-Shamal Sports Club,3,69
208,Lucas Mendes,1.qa Al-Wakrah,1,4
209,Mohammed Muntari,1.qa Al-Gharafa Sports Club,0,
210,Ayoub Al-Oui,1.qa Al-Gharafa Sports Club,2,149
211,Ró-Ró,1.qa Al Sadd,3,270
212,Salah Zakaria,1.qa Al Duhail SC,0,
213,Kosta Barbarouses,1.au Western Sydney,0,
214,Lachlan Bayliss,1.au Newcastle Jets,0,
215,Joe Bell,1.no Viking,3,243
216,Tyler Bindon,2.eng Sheffield United,3,97
217,Michael Boxall,1.us Minnesota Utd,3,207
218,Liberato Cacace,2.eng Wrexham,3,220
219,Max Crocombe,2.eng Millwall,3,270
220,Callan Elliot,1.au Auckland FC,1,13
221,Matt Garbett,3.eng Peterborough,,
222,Elijah Just,1.sct Motherwell,3,264
223,Callum McCowatt,1.dk Silkeborg,3,159
224,Ben Old,2.fr Saint-Étienne,3,93
225,Alex Paulsen,1.pl Lechia Gdańsk,0,
226,Tim Payne,1.au Wellington,3,224
227,Nando Pijnaker,1.au Auckland FC,0,
228,Jesse Randall,1.au Auckland FC,3,61
229,Logan Rogerson,1.au Auckland FC,0,
230,Alex Rufer,1.au Wellington,0,
231,Sarpreet Singh,1.au Wellington,3,209
232,Tommy Smith,5.eng Braintree Town,0,
233,Marko Stamenic,2.eng Swansea City,3,269
234,Finn Surman,1.us Portland Timbers,3,270
235,Ryan Thomas,1.nl Zwolle,3,83
236,Francis de Vries,1.au Auckland FC,2,18
237,Ben Waine,3.eng Port Vale,0,
238,Chris Wood,1.eng Nottingham,3,270
239,Michael Woud,1.au Auckland FC,0,
240,Lukáš Červ,1.cz Viktoria Plzeň,2,163
241,Štěpán Chaloupek,1.cz Slavia Prague,1,90
242,Tomáš Chorý,1.cz Slavia Prague,2,31
243,Mojmír Chytil,1.cz Slavia Prague,1,7
244,Vladimír Coufal,1.de Hoffenheim,3,270
245,Vladimír Darida,1.cz Hradec Králové,1,54
246,David Douděra,1.cz Slavia Prague,1,90
247,Adam Hložek,1.de Hoffenheim,3,156
248,Tomáš Holeš,1.cz Slavia Prague,2,153
249,Lukáš Horníček,1.pt Braga,0,
250,Robin Hranáč,1.de Hoffenheim,3,270
251,David Jurásek,1.cz Slavia Prague,0,
252,Matej Kovar,1.nl PSV,3,270
253,Ladislav Krejčí,1.eng Wolves,3,270
254,Jan Kuchta,1.cz Sparta Prague,0,
255,Lukáš Provod,1.cz Slavia Prague,3,122
256,Michal Sadílek,1.cz Slavia Prague,3,183
257,Patrik Schick,1.de Leverkusen,3,180
258,Hugo Sochůrek,1.cz Sparta Prague,0,
259,Alexandr Sojka,1.cz Viktoria Plzeň,3,141
260,Tomáš Souček,1.eng West Ham,3,137
261,Jindřich Staněk,1.cz Slavia Prague,0,
262,Pavel Šulc,1.fr Lyon,3,189
263,Denis Višinský,1.cz Viktoria Plzeň,1,55
264,Jaroslav Zelený,1.cz Sparta Prague,2,126
265,David Zima,1.cz Slavia Prague,1,13
266,Saud Abdulhamid,1.fr Lens,3,269
267,Abdulelah Al-Amri,1.sa Al-Nassr,,
268,Nawaf Al Aqidi,1.sa Al-Nassr,0,
269,Nawaf Boushal,1.sa Al-Nassr,2,91
270,Firas Al-Buraikan,1.sa Al-Ahli,3,238
271,Nasser Al-Dawsari,1.sa Al-Hilal,3,207
272,Salem Al-Dawsari,1.sa Al-Hilal,3,245
273,Khalid Al Ghannam,1.sa Al-Ettifaq,1,1
274,Abdullah Al-Hamdan,1.sa Al-Nassr,3,71
275,Moteb Al-Harbi,1.sa Al-Hilal,3,188
276,Alaa Al Hejji,1.sa Neom,2,32
277,Ziyad Al Johani,1.sa Al-Ahli,0,
278,Musab Al Juwayr,1.sa Al-Qadsiah,3,152
279,Hassan Kadesh,1.sa Al-Ittihad,0,
280,Mohamed Kanno,1.sa Al-Hilal,3,225
281,Ahmed Al-Kassar,1.sa Al-Qadsiah,0,
282,Abdullah Al-Khaibari,1.sa Al-Nassr,3,180
283,Ali Lajami,1.sa Al-Hilal,3,149
284,Ali Majrashi,1.sa Al-Ahli,0,
285,Sultan Mendash,1.sa Al-Hilal,1,65
286,Mohammed Al-Owais,1.sa Al-Ula,3,270
287,Mohammed Abu Al-Shamat,1.sa Al-Qadsiah,3,136
288,Saleh Al-Shehri,1.sa Al-Ittihad,0,
289,Hassan Al Tambakti,1.sa Al-Hilal,3,212
290,Jehad Thakri,1.sa Al-Qadsiah,0,
291,Ayman Yahya,1.sa Al-Nassr,0,
292,Rodrigo Aguirre,1.mx América,1,1
293,Maxi Araújo,1.pt Sporting CP,3,250
294,Ronald Araújo,1.es Barcelona,0,
295,Giorgian de Arrascaeta,1.br Flamengo,0,
296,Rodrigo Bentancur,1.eng Tottenham,3,270
297,Santiago Bueno,1.eng Wolves,0,
298,Sebastián Cáceres,1.mx América,3,270
299,Agustín Canobbio,1.br Fluminense,3,224
300,Nicolás De La Cruz,1.br Flamengo,3,86
301,Juan Manuel Sanabria,1.mx Atlético San Luis,3,204
302,José María Giménez,1.es Atlético Madrid,0,
303,Emiliano Martínez,1.br Palmeiras,0,
304,Santiago Mele,1.co Junior,0,
305,Fernando Muslera,1.tr Galatasaray,3,225
306,Darwin Núñez,1.sa Al-Hilal,3,156
307,Mathías Olivera,1.it Napoli,3,270
308,Facundo Pellistri,1.gr Panathinaikos,0,
309,Joaquín Piquerez,1.br Palmeiras,0,
310,Sergio Rochet,1.br Internacional,1,45
311,Brian Rodríguez,1.mx América,3,41
312,Manuel Ugarte,1.eng Manchester Utd,3,184
313,Federico Valverde,1.es Real Madrid,3,236
314,Guillermo Varela,1.br Flamengo,3,270
315,Matías Viña,1.br Flamengo,1,45
316,Federico Viñas,1.es Oviedo,3,192
317,Rodrigo Zalazar,1.pt Braga,0,
318,Ché Adams,1.it Torino,3,145
319,Ryan Christie,1.eng Bournemouth,3,95
320,Findlay Curtis,1.sct Kilmarnock,2,9
321,Lyndon Dykes,2.eng Charlton Athletic,2,36
322,Lewis Ferguson,1.it Bologna,3,270
323,Tyler Fletcher,1.eng Manchester Utd,0,
324,Ben Gannon-Doak,1.eng Bournemouth,3,186
325,Billy Gilmour,1.it Napoli,,
326,Craig Gordon,1.sct Hearts,0,
327,Angus Gunn,1.eng Nottingham,3,270
328,Grant Hanley,1.sct Hibernian,2,180
329,Jack Hendry,1.sa Al-Ettifaq,3,270
330,Aaron Hickey,1.eng Brentford,1,74
331,George Hirst,2.eng Ipswich Town,0,
332,Dominic Hyam,2.eng Wrexham,0,
333,Liam Kelly,1.sct Rangers,0,
334,John McGinn,1.eng Aston Villa,3,259
335,Scott McKenna,1.hr Dinamo Zagreb,1,90
336,Kenny McLean,2.eng Norwich City,3,118
337,Scott McTominay,1.it Napoli,3,270
338,Nathan Patterson,1.eng Everton,3,185
339,Anthony Ralston,1.sct Celtic,2,11
340,Andy Robertson,1.eng Liverpool,3,225
341,Lawrence Shankland,1.sct Hearts,2,171
342,John Souttar,1.sct Rangers,0,
343,Ross Stewart,2.eng Southampton,1,2
344,Kieran Tierney,1.sct Celtic,2,104
345,Samet Akaydın,1.tr Rizespor,0,
346,Yunus Akgün,1.tr Galatasaray,2,88
347,Kerem Aktürkoğlu,1.tr Fenerbahçe,2,129
348,Barış Alper Yılmaz,1.tr Galatasaray,3,179
349,Oğuz Aydın,1.tr Fenerbahçe,1,89
350,Kaan Ayhan,1.tr Galatasaray,1,3
351,Abdülkerim Bardakcı,1.tr Galatasaray,3,265
352,Altay Bayındır,1.eng Manchester Utd,0,
353,Uğurcan Çakır,1.tr Galatasaray,3,270
354,Hakan Çalhanoğlu,1.it Inter,2,180
355,İrfan Can Kahveci,1.tr Kasımpaşa,1,1
356,Zeki Çelik,1.it Roma,2,163
357,Merih Demiral,1.sa Al-Ahli,2,180
358,Eren Elmalı,1.tr Galatasaray,2,111
359,Deniz Gül,1.pt Porto,2,37
360,Arda Güler,1.es Real Madrid,3,270
361,Mert Günok,1.tr Fenerbahçe,0,
362,Ozan Kabak,1.de Hoffenheim,1,90
363,Ferdi Kadioglu,1.eng Brighton,2,159
364,Orkun Kökçü,1.tr Beşiktaş,3,153
365,Mert Müldür,1.tr Fenerbahçe,3,101
366,Salih Özcan,1.de Dortmund,2,100
367,Çağlar Söyüncü,1.tr Fenerbahçe,1,7
368,Can Uzun,1.de Frankfurt,2,38
369,Kenan Yıldız,1.it Juventus,3,218
370,İsmail Yüksek,1.tr Fenerbahçe,2,139
371,Song Bum-keun,1.kr Jeonbuk,0,
372,Jens Castrop,1.de Gladbach,1,45
373,Lee Dong-gyeong,1.kr Ulsan HD,0,
374,Lee Gi-hyuk,1.kr Gangwon FC,3,270
375,Cho Gue-sung,1.dk Midtjylland,2,31
376,Lee Han-beom,1.dk Midtjylland,3,270
377,Hwang Hee-chan,1.eng Wolves,3,108
378,Son Heung-min,1.us LAFC,3,169
379,Oh Hyeon-gyu,1.tr Beşiktaş,3,129
380,Jo Hyeon-woo,1.kr Ulsan HD,0,
381,Yang Hyun-jun,1.sct Celtic,1,20
382,Hwang In-beom,1.nl Feyenoord,3,263
383,Lee Jae-sung,1.de Mainz 05,2,117
384,Eom Ji-sung,2.eng Swansea City,2,42
385,Kim Jin-gyu,1.kr Jeonbuk,2,52
386,Park Jinseob,1.cn Zhejiang,2,32
387,Bae Jun-ho,2.eng Stoke City,0,
388,Lee Kang-in,1.fr PSG,3,270
389,Kim Min-jae,1.de Bayern Munich,3,245
390,Kim Moon-hwan,1.kr Daejeon Hana,1,70
391,Kim Seung-gyu,1.jp FC Tokyo,3,270
392,Paik Seung-ho,2.eng Birmingham City,3,204
393,Kim Tae-hyeon,1.jp Kashima Antlers,0,
394,Lee Tae-seok,1.at Austria Wien,2,113
395,Cho Wi-je,1.kr Jeonbuk,0,
396,Seol Young-woo,1.rs Red Star,3,250
397,Cho Yu-min,1.ae Al-Sharjah SCC,,
398,Ali Alipour,1.ir Persepolis,1,38
399,Alireza Beiranvand,1.ir Tractor,3,270
400,Rouzbeh Cheshmi,1.ir Esteghlal,0,
401,Dennis Eckert,1.be Standard Liège,0,
402,Danial Eiri,1.ir Malavan,0,
403,Saeid Ezatolahi,1.ae Al-Ahli Dubai FC,3,264
404,Mehdi Ghayedi,1.ae Al-Nasr Dubai,1,45
405,Saman Ghoddos,1.ae Al-Ittihad Kalba,3,208
406,Mohammad Ghorbani,1.ae Al-Wahda FC,1,90
407,Ehsan Hajsafi,1.ir Sepahan,2,91
408,Saleh Hardani,1.ir Esteghlal,2,90
409,Hossein Hosseini,1.ir Sepahan,0,
410,Amirhossein Hosseinzadeh,1.ir Tractor,2,17
411,Alireza Jahanbakhsh,1.be Dender,2,46
412,Hossein Kanaanizadegan,1.ir Persepolis,2,135
413,Shoja' Khalilzadeh,1.ir Tractor,3,270
414,Shahriar Moghanlou,1.ae Al-Ittihad Kalba,3,88
415,Milad Mohammadi,1.ir Persepolis,3,205
416,Mohammad Mohebi,1.ru Rostov,3,244
417,Ali Nemati,1.ir Foolad,3,270
418,Payam Niazmand,1.ir Persepolis,0,
419,Amirmohammad Razzaghinia,1.ir Esteghlal,0,
420,Ramin Rezaeian,1.ir Foolad,3,270
421,Mehdi Taremi,1.gr Olympiacos,3,259
422,Mehdi Torabi,1.ir Tractor,1,25
423,Aria Yousefi,1.ir Sepahan,1,45
424,Telmo Arcanjo,1.pt Vit. Guimarães,2,57
425,Gilson Benchimol,1.ru Akron Tolyatti,2,78
426,Jovane Cabral,1.pt Estrela,2,139
427,Logan Costa,1.es Villarreal,0,
428,Nuno da Costa,1.tr Başakşehir,4,159
429,Diney,1.ae Al Bataeh,4,390
430,C.J. dos Santos,1.us San Diego FC,0,
431,Deroy Duarte,1.bg Ludogorets,4,264
432,Laros Duarte,1.hu Puskás Akad.,4,166
433,Dailon Livramento,1.pt Casa Pia,3,174
434,Sidny Lopes Cabral,1.pt Benfica,3,285
435,Ryan Mendes,2.tr 76 Iğdır Belediyespor,4,330
436,Jamiro Monteiro,1.nl Zwolle,4,281
437,Steven Moreira,1.us Columbus Crew,4,301
438,João Paulo Fernandes,1.ro FCSB,2,105
439,Pico,1.ie Shamrock,4,390
440,Kevin Pina,1.ru Krasnodar,4,349
441,Wagner Pina,1.tr Trabzonspor,1,89
442,Kelvin Pires,1.fi SJK,0,
443,Garry Rodrigues,1.cy Apollon Limassol,2,76
444,Márcio Rosa,1.bg Montana,0,
445,Willy Semedo,1.cy AC Omonia,3,131
446,Stopira,2.pt Torreense,0,
447,Hélio Varela,1.il Maccabi Tel Aviv,3,104
448,Vozinha,2.pt Chaves,4,390
449,Yannick,2.pt Farense,2,32
450,Lamine Camara,1.fr Monaco,4,248
451,Pathé Ciss,1.es Rayo Vallecano,4,184
452,Assane Diao,1.it Como,1,10
453,Habib Diarra,1.eng Sunderland,3,143
454,Krépin Diatta,1.fr Monaco,4,390
455,Mory Diaw,1.fr Le Havre,3,238
456,Bamba Dieng,1.fr Lorient,1,8
457,El Hadji Malick Diouf,1.eng West Ham,3,171
458,Yehvann Diouf,1.fr Nice,0,
459,Idrissa Gueye,1.eng Everton,4,361
460,Pape Gueye,1.es Villarreal,4,234
461,Nicolas Jackson,1.de Bayern Munich,4,234
462,Ismail Jakobs,1.tr Galatasaray,3,219
463,Kalidou Koulibaly,1.sa Al-Hilal,2,161
464,Sadio Mané,1.sa Al-Nassr,4,362
465,Pape Matar Sarr,1.eng Tottenham,2,67
466,Ibrahim Mbaye,1.fr PSG,4,157
467,Antoine Mendy,1.fr Nice,0,
468,Édouard Mendy,1.sa Al-Ahli,2,152
469,Cherif Ndiaye,1.tr Samsunspor,0,
470,Iliman Ndiaye,1.eng Everton,3,114
471,Moussa Niakhaté,1.fr Lyon,4,390
472,Bara Sapoko Ndiaye,1.de Bayern Munich,1,26
473,Ismaila Sarr,1.eng Crystal Palace,4,364
474,Mamadou Sarr,1.eng Chelsea,0,
475,Abdoulaye Seck,1.il Maccabi Haifa,1,57
476,Achref Abada,1.dz USM Alger,0,
477,Rayan Aït-Nouri,1.eng Manchester City,4,284
478,Mohamed Amine Tougai,1.tn Espérance Tunis,0,
479,Mohamed Amoura,1.de Wolfsburg,1,27
480,Houssem Aouar,1.sa Al-Ittihad,3,173
481,Zineddine Belaïd,1.dz JS Kabylie,2,25
482,Rafik Belghali,1.it Hellas Verona,4,331
483,Oussama Benbot,1.dz USM Alger,1,90
484,Nadhir Benbouali,1.hu Győr,1,45
485,Ramy Bensebaini,1.de Dortmund,4,360
486,Nabil Bentaleb,1.fr Lille,4,285
487,Hicham Boudaoui,1.fr Nice,3,128
488,Adil Boulbina,1.qa Al Duhail SC,2,19
489,Fares Chaïbi,1.de Frankfurt,4,360
490,Samir Chergui,1.fr Paris FC,1,20
491,Farés Ghedjemis,2.it Frosinone,1,1
492,Amine Gouiri,1.fr Marseille,4,251
493,Anis Hadj Moussa,1.nl Feyenoord,3,98
494,Jaouen Hadjam,1.ch Young Boys,3,109
495,Riyad Mahrez,1.sa Al-Ahli,4,262
496,Aïssa Mandi,1.fr Lille,4,360
497,Melvin Mastil,2.ch Stade Nyonnais,0,
498,Ibrahim Maza,1.de Leverkusen,4,351
499,Yassine Titraoui,1.be Charleroi,0,
500,Ramiz Zerrouki,1.nl Twente,3,111
501,Luca Zidane,2.es Granada,3,270
502,Kerim Alajbegović,1.at RB Salzburg,4,277
503,Esmir Bajraktarevic,1.nl PSV,4,230
504,Ivan Bašić,1.kz FC Astana,3,179
505,Samed Baždar,1.de Gladbach,1,29
506,Dženis Burnić,2.de Karlsruher,2,16
507,Nidal Čelik,1.fr Lens,,
508,Amar Dedić,1.pt Benfica,3,270
509,Ermedin Demirović,1.de Stuttgart,4,354
510,Edin Džeko,2.de Schalke 04,3,176
511,Armin Gigovic,1.ch Young Boys,2,79
512,Amir Hadžiahmetović,2.eng Hull City,1,6
513,Dennis Hadžikadunić,2.it Sampdoria,1,27
514,Osman Hadžikić,1.hr Slaven Belupo,,
515,Mladen Jurkas,1.ba B. Banja Luka,0,
516,Nikola Katić,2.de Schalke 04,4,317
517,Sead Kolašinac,1.it Atalanta,4,337
518,Jovo Lukić,1.ro Univ. Cluj,2,67
519,Ermin Mahmić,1.cz Slovan Liberec,3,68
520,Arjan Malic,1.at Sturm Graz,1,45
521,Amar Memić,1.cz Viktoria Plzeň,4,224
522,Tarik Muharemovic,1.it Sassuolo,3,259
523,Nihad Mujakić,1.tr Gaziantep,0,
524,Stjepan Radeljić,1.hr Rijeka,2,180
525,Ivan Šunjić,1.cy Pafos FC,4,196
526,Haris Tabaković,2.de Schalke 04,1,16
527,Benjamin Tahirovic,1.dk Brøndby,4,237
528,Nikola Vasilj,1.de St Pauli,4,360
529,Martin Zlomislić,1.hr Rijeka,0,
530,David Affengruber,1.es Elche,0,
531,David Alaba,1.es Real Madrid,4,275
532,Marko Arnautović,1.rs Red Star,4,144
533,Christoph Baumgartner,1.de RB Leipzig,,
534,Carney Chukwuemeka,1.de Dortmund,3,83
535,Kevin Danso,1.eng Tottenham,4,241
536,Marco Friedl,1.de Werder Bremen,1,24
537,Michael Gregoritsch,1.de Augsburg,3,188
538,Florian Grillitsch,1.pt Braga,2,90
539,Saša Kalajdžić,1.at LASK,3,77
540,Konrad Laimer,1.de Bayern Munich,4,360
541,Philipp Lienhart,1.de Freiburg,2,180
542,Dejan Ljubičić,2.de Schalke 04,0,
543,Phillipp Mwene,1.de Mainz 05,2,147
544,Patrick Pentz,1.dk Brøndby,0,
545,Stefan Posch,1.de Mainz 05,4,331
546,Alexander Prass,1.de Hoffenheim,2,29
547,Marcel Sabitzer,1.de Dortmund,4,360
548,Alexander Schlager,1.at RB Salzburg,4,360
549,Xaver Schlager,1.de RB Leipzig,4,238
550,Romano Schmid,1.de Werder Bremen,4,263
551,Alessandro Schöpf,1.at RZ Pellets WAC,0,
552,Nicolas Seiwald,1.de RB Leipzig,4,315
553,Michael Svoboda,2.it Venezia,0,
554,Paul Wanner,1.nl PSV,4,234
555,Florian Wiegele,1.cz Viktoria Plzeň,0,
556,Patrick Wimmer,1.de Wolfsburg,2,21
557,Taha Ali,1.se Malmö,2,37
558,Yasin Ayari,1.eng Brighton,4,339
559,Lucas Bergvall,1.eng Tottenham,4,181
560,Alexander Bernhardsson,2.de Holstein Kiel,3,217
561,Hjalmar Ekdal,1.eng Burnley,0,
562,Anthony Elanga,1.eng Newcastle,4,217
563,Gabriel Gudmundsson,1.eng Leeds United,4,330
564,Viktor Gyökeres,1.eng Arsenal,4,360
565,Isak Hien,1.it Atalanta,3,216
566,Emil Holm,1.it Juventus,,
567,Alexander Isak,1.eng Liverpool,4,357
568,Herman Johansson,1.us FC Dallas,0,
569,Viktor Johansson,2.eng Stoke City,0,
570,Jesper Karlström,1.it Udinese,2,138
571,Gustaf Lagerbielke,1.pt Braga,4,360
572,Victor Lindelöf,1.eng Aston Villa,4,356
573,Gustaf Nilsson,1.be Club Brugge,1,2
574,Kristoffer Nordfeldt,1.se AIK Stockholm,2,180
575,Benjamin Nygren,1.sct Celtic,4,130
576,Ken Sema,1.cy Pafos FC,1,16
577,Eric Smith,1.de St Pauli,0,
578,Carl Starfelt,1.es Celta Vigo,1,4
579,Elliot Stroud,1.se Mjällby,4,166
580,Mattias Svanberg,1.de Wolfsburg,2,16
581,Daniel Svensson,1.de Dortmund,3,98
582,Jacob Widell Zetterström,2.eng Derby County,2,180
583,Besfort Zeneli,1.be Union SG,2,60
584,Jayden Adams,1.za Sundowns,3,116
585,Oswin Appollis,1.za Orlando Pirates,4,255
586,Sipho Chaine,1.za Orlando Pirates,0,
587,Bradley Cross,1.za Kaizer Chiefs,0,
588,Lyle Foster,1.eng Burnley,1,55
589,Ricardo Goss,1.za Siwelele,0,
590,Samukele Kabini,1.no Molde,0,
591,Evidence Makgopa,1.za Orlando Pirates,4,215
592,Olwethu Makhanya,1.us Philadelphia,0,
593,Thapelo Maseko,1.cy AEL Limassol,3,242
594,Thabang Matuludi,1.za Polokwane City,0,
595,Thalente Mbatha,1.za Orlando Pirates,4,260
596,Mbekezeli Mbokazi,1.us Chicago Fire,4,360
597,Aubrey Modiba,1.za Sundowns,4,346
598,Relebohile Mofokeng,1.za Orlando Pirates,3,169
599,Teboho Mokoena,1.za Sundowns,3,270
600,Tshepang Moremi,1.za Orlando Pirates,2,34
601,Khuliso Mudau,1.za Sundowns,4,360
602,Khulumani Ndamane,1.za Sundowns,0,
603,Ime Okon,2.de Hannover 96,4,360
604,Iqraam Rayners,1.za Sundowns,4,161
605,Kamogelo Sebelebele,1.za Orlando Pirates,1,7
606,Nkosinathi Sibisi,1.za Orlando Pirates,1,90
607,Sphephelo Sithole,1.pt Tondela,3,229
608,Ronwen Williams,1.za Sundowns,4,360
609,Themba Zwane,1.za Sundowns,1,23
610,Jordy Alcivar,1.ec Independiente,1,45
611,Nilson Angulo,1.eng Sunderland,4,218
612,Jeremy Arévalo,1.de Stuttgart,0,
613,Jordy Caicedo,1.ar Huracán,3,20
614,Moisés Caicedo,1.eng Chelsea,4,360
615,Denil Castillo,1.dk Midtjylland,0,
616,Pervis Estupiñán,1.it Milan,2,89
617,Alan Franco,1.br Atlético Mineiro,4,251
618,Hernán Galíndez,1.ar Huracán,4,360
619,Piero Hincapié,1.eng Arsenal,4,339
620,Yaimar Medina,1.be Genk,1,45
621,Alan Minda,1.br Atlético Mineiro,1,55
622,Joel Ordóñez,1.be Club Brugge,3,225
623,Willian Pacho,1.fr PSG,4,360
624,Kendry Páez,1.ar River Plate,1,12
625,Gonzalo Plata,1.br Flamengo,4,360
626,Jackson Porozo,1.mx Tijuana,1,29
627,Ángelo Preciado,1.br Atlético Mineiro,4,109
628,Moisés Ramírez,1.gr AE Kifisia,0,
629,Kevin Rodríguez,1.be Union SG,4,118
630,Félix Torres Caicedo,1.br Internacional,1,6
631,Anthony Valencia,1.be Antwerp,0,
632,Enner Valencia,1.mx Pachuca,4,287
633,Gonzalo Valle,1.ec LDU Quito,0,
634,Pedro Vite,1.mx UNAM,4,360
635,John Yeboah,2.it Venezia,4,311
636,Jonas Adjetey,1.de Wolfsburg,3,225
637,Joseph Anang,1.ie St Patrick's,0,
638,Benjamin Asare,1.gh Accra Hearts of Oak,3,225
639,Lawrence Ati-Zigi,1.ch St. Gallen,2,135
640,Jordan Ayew,2.eng Leicester City,4,300
641,Augustine Boakye,2.fr Saint-Étienne,0,
642,Christopher Bonsu-Baah,1.sa Al-Qadsiah,0,
643,Abdul Fatawu Issahaku,2.eng Leicester City,4,132
644,Prince Kwabena Adu,1.cz Viktoria Plzeň,3,39
645,Derrick Luckassen,1.cy Pafos FC,2,180
646,Gideon Mensah,1.fr Auxerre,4,360
647,Abdul Mumin,1.es Rayo Vallecano,0,
648,Ernest Nuamah,1.fr Lyon,3,89
649,Jerome Opoku,1.tr Başakşehir,3,270
650,Elisha Owusu,1.fr Auxerre,3,151
651,Thomas Partey,1.es Villarreal,3,270
652,Kojo Peprah Oppong,1.fr Nice,2,49
653,Abdul Rahman Baba,1.gr PAOK,1,1
654,Alidu Seidu,1.fr Rennes,1,78
655,Antoine Semenyo,1.eng Manchester City,4,360
656,Marvin Senaya,1.fr Auxerre,4,278
657,Kwasi Sibo,1.es Oviedo,4,248
658,Kamaldeen Sulemana,1.us Atlanta Utd,2,127
659,Brandon Thomas-Asante,2.eng Coventry City,2,53
660,Iñaki Williams,1.es Athletic Club,2,126
661,Caleb Yirenkyi,1.dk Nordsjælland,4,264
662,Cédric Bakambu,1.es Real Betis,3,190
663,Simon Banza,1.ae Al Jazira Club,2,40
664,Dylan Batubinsika,1.cy AEL Limassol,0,
665,Theo Bongonda,1.ru Spartak Moscow,2,34
666,Rocky Bushiri,1.sct Hibernian,,
667,Brian Cipenga,2.es Castellón,2,146
668,Meschak Elia,1.tr Alanyaspor,2,46
669,Matthieu Epolo,1.be Standard Liège,0,
670,Timothy Fayulu,1.am FC Noah,0,
671,Gaël Kakuta,1.cy AEL Limassol,0,
672,Gédéon Kalulu,1.cy Aris Limassol,1,6
673,Steve Kapuadi,1.pl Widzew Łódź,2,180
674,Edo Kayembe,2.eng Watford,3,160
675,Joris Kayembe,1.be Genk,4,45
676,Arthur Masuaku,1.fr Lens,4,315
677,Fiston Mayele,1.eg Pyramids FC,2,42
678,Chancel Mbemba,1.fr Lille,4,360
679,Nathanaël Mbuku,2.fr Montpellier,3,143
680,Samuel Moutoussamy,1.gr Atromitos,4,330
681,Lionel Mpasi,1.fr Le Havre,4,360
682,Ngal'Ayel Mukau,1.fr Lille,4,195
683,Charles Pickel,1.es Espanyol,2,35
684,Noah Sadiki,1.eng Sunderland,4,259
685,Aaron Tshibola,1.sct Kilmarnock,0,
686,Axel Tuanzebe,1.eng Burnley,4,360
687,Aaron Wan-Bissaka,1.eng West Ham,4,354
688,Yoane Wissa,1.eng Newcastle,4,360
689,Patrick Beach,1.au Melb City,4,388
690,Aziz Behich,1.au Melb City,3,217
691,Jordy Bos,1.nl Feyenoord,4,308
692,Cameron Burgess,2.eng Swansea City,2,135
693,Alessandro Circati,1.it Parma,4,390
694,Miloš Degenek,1.cy APOEL FC,0,
695,Cammy Devlin,1.sct Hearts,0,
696,Jason Geria,2.jp Albirex Niigata,2,62
697,Lucas Herrington,1.us Colorado Rapids,2,210
698,Ajdin Hrustic,1.nl Heracles Almelo,2,80
699,Nestory Irankunda,2.eng Watford,4,261
700,Jackson Irvine,1.de St Pauli,4,223
701,Jacob Italiano,1.at Grazer AK,2,163
702,Paul Izzo,1.dk Randers,0,
703,Mathew Leckie,1.au Melb City,1,60
704,Awer Mabil,2.es Castellón,1,30
705,Connor Metcalfe,1.de St Pauli,4,315
706,Aiden O'Neill,1.us NYCFC,4,360
707,Paul Okon-Engstler,1.au Sydney FC,4,197
708,Mathew Ryan,1.es Levante,1,2
709,Harry Souttar,2.eng Leicester City,4,390
710,Mo Touré,2.eng Norwich City,3,165
711,Kai Trewin,1.us NYCFC,1,75
712,Nishan Velupillay,1.au Melb. Victory,2,75
713,Cristian Volpato,1.it Sassuolo,3,160
714,Tete Yengi,1.jp Machida Zelvia,2,24
715,Ritsu Doan,1.de Frankfurt,4,278
716,Wataru Endo,1.eng Liverpool,,
717,Keisuke Gotō,1.be Sint-Truiden,1,7
718,Tomoki Hayakawa,1.jp Kashima Antlers,0,
719,Ko Itakura,1.nl Ajax,2,128
720,Hiroki Ito,1.de Bayern Munich,4,360
721,Junya Itō,1.be Genk,4,216
722,Daichi Kamada,1.eng Crystal Palace,4,329
723,Takefusa Kubo,1.es Real Sociedad,1,74
724,Shuto Machino,1.de Gladbach,1,13
725,Daizen Maeda,1.sct Celtic,3,244
726,Yūto Nagatomo,1.jp FC Tokyo,1,16
727,Keito Nakamura,2.fr Reims,4,307
728,Kōki Ogawa,1.nl NEC Nijmegen,3,42
729,Keisuke Ōsako,1.jp Sanf. Hiroshima,0,
730,Kaishū Sano,1.de Mainz 05,3,270
731,Ayumu Seko,1.fr Le Havre,2,86
732,Kento Shiogai,1.de Wolfsburg,1,7
733,Yukinari Sugawara,1.de Werder Bremen,4,148
734,Junnosuke Suzuki,1.dk FC Copenhagen,2,43
735,Yuito Suzuki,1.de Freiburg,1,12
736,Zion Suzuki,1.it Parma,4,360
737,Ao Tanaka,1.eng Leeds United,3,193
738,Shogo Taniguchi,1.be Sint-Truiden,3,232
739,Takehiro Tomiyasu,1.nl Ajax,3,184
740,Ayase Ueda,1.nl Feyenoord,4,321
741,Tsuyoshi Watanabe,1.nl Feyenoord,2,90
742,Martin Baturina,1.it Como,4,321
743,Ante Budimir,1.es Osasuna,3,155
744,Duje Ćaleta-Car,1.es Real Sociedad,0,
745,Martin Erlić,1.dk Midtjylland,0,
746,Toni Fruk,1.hr Rijeka,0,
747,Joško Gvardiol,1.eng Manchester City,4,139
748,Kristijan Jakić,1.de Augsburg,0,
749,Dominik Kotarski,1.dk FC Copenhagen,0,
750,Mateo Kovačić,1.eng Manchester City,4,270
751,Andrej Kramarić,1.de Hoffenheim,3,59
752,Dominik Livaković,1.hr Dinamo Zagreb,4,360
753,Igor Matanović,1.de Freiburg,3,95
754,Luka Modrić,1.it Milan,4,317
755,Nikola Moro,1.it Bologna,0,
756,Petar Musa,1.us FC Dallas,2,110
757,Ivor Pandur,2.eng Hull City,0,
758,Marco Pašalić,1.us Orlando City,3,99
759,Mario Pašalić,1.it Atalanta,4,123
760,Ivan Perišić,1.nl PSV,4,360
761,Marin Pongračić,1.it Fiorentina,3,270
762,Josip Stanišić,1.de Bayern Munich,4,360
763,Luka Sučić,1.es Real Sociedad,1,19
764,Petar Sučić,1.it Inter,4,289
765,Josip Šutalo,1.nl Ajax,4,360
766,Nikola Vlašić,1.it Torino,3,189
767,Luka Vušković,1.de Hamburger SV,1,65
768,Simon Adingra,1.fr Monaco,1,16
769,Emmanuel Agbadou,1.tr Beşiktaş,3,270
770,Clément Akpa,1.fr Auxerre,,
771,Ange-Yoan Bonny,1.it Inter,4,234
772,Oumar Diakité,1.be Cercle Brugge,2,28
773,Amad Diallo,1.eng Manchester Utd,4,185
774,Ousmane Diomande,1.pt Sporting CP,1,90
775,Yan Diomandé,1.de RB Leipzig,4,329
776,Guéla Doué,1.fr Strasbourg,4,277
777,Seko Fofana,1.pt Porto,2,92
778,Yahia Fofana,1.tr Rizespor,4,360
779,Evann Guessand,1.eng Crystal Palace,2,17
780,Parfait Guiagon,1.be Charleroi,0,
781,Christ Inao Oulaï,1.tr Trabzonspor,4,208
782,Franck Kessié,1.sa Al-Ahli,4,346
783,Ghislain Konan,1.pt Gil Vicente FC,3,269
784,Mohamed Koné,1.be Charleroi,0,
785,Odilon Kossounou,1.it Atalanta,4,272
786,Alban Lafont,1.gr Panathinaikos,0,
787,Obite N'Dicka,1.it Roma,0,
788,Christopher Opéri,1.tr Başakşehir,1,90
789,Nicolas Pépé,1.es Villarreal,4,234
790,Ibrahim Sangaré,1.eng Nottingham,4,268
791,Jean Seri,1.si NK Maribor,1,14
792,Wilfried Singo,1.tr Galatasaray,2,171
793,Bazoumana Touré,1.de Hoffenheim,3,80
794,Elye Wahi,1.fr Nice,3,110
795,Nadiem Amiri,1.de Mainz 05,2,42
796,Waldemar Anton,1.de Dortmund,2,50
797,Oliver Baumann,1.de Hoffenheim,0,
798,Maximilian Beier,1.de Dortmund,1,27
799,Nathaniel Brown,1.de Frankfurt,3,282
800,Leon Goretzka,1.de Bayern Munich,3,99
801,Pascal Groß,1.eng Brighton,1,18
802,Kai Havertz,1.eng Arsenal,4,353
803,Lennart Karl,1.de Bayern Munich,,
804,Joshua Kimmich,1.de Bayern Munich,4,351
805,Jamie Leweling,1.de Stuttgart,1,31
806,Jamal Musiala,1.de Bayern Munich,4,270
807,Manuel Neuer,1.de Bayern Munich,4,390
808,Felix Nmecha,1.de Dortmund,4,270
809,Alexander Nübel,1.de Stuttgart,0,
810,Assan Ouédraogo,1.de RB Leipzig,0,
811,Aleksandar Pavlovic,1.de Bayern Munich,4,272
812,David Raum,1.de RB Leipzig,2,108
813,Antonio Rüdiger,1.es Real Madrid,4,262
814,Leroy Sané,1.tr Galatasaray,4,326
815,Nico Schlotterbeck,1.de Dortmund,2,135
816,Angelo Stiller,1.de Stuttgart,1,45
817,Jonathan Tah,1.de Bayern Munich,4,372
818,Malick Thiaw,1.eng Newcastle,2,42
819,Deniz Undav,1.de Stuttgart,4,151
820,Florian Wirtz,1.eng Liverpool,4,361
821,Nick Woltemade,1.eng Newcastle,1,33
822,Nathan Aké,1.eng Manchester City,3,170
823,Brian Brobbey,1.eng Sunderland,4,223
824,Denzel Dumfries,1.it Inter,4,390
825,Mark Flekken,1.de Leverkusen,0,
826,Cody Gakpo,1.eng Liverpool,4,368
827,Lutsharel Geertruida,1.eng Sunderland,0,
828,Ryan Gravenberch,1.eng Liverpool,4,345
829,Jorrel Hato,1.eng Chelsea,1,35
830,Jan Paul van Hecke,1.eng Brighton,4,390
831,Frenkie de Jong,1.es Barcelona,4,328
832,Justin Kluivert,1.eng Bournemouth,2,27
833,Teun Koopmeiners,1.it Juventus,4,122
834,Noa Lang,1.tr Galatasaray,2,8
835,Donyell Malen,1.it Roma,3,185
836,Memphis,1.br Corinthians,3,54
837,Tijjani Reijnders,1.eng Manchester City,3,199
838,Robin Roefs,1.eng Sunderland,0,
839,Marten de Roon,1.it Atalanta,1,11
840,Crysencio Summerville,1.eng West Ham,4,253
841,Guus Til,1.nl PSV,1,32
842,Jurriën Timber,1.eng Arsenal,,
843,Quinten Timber,1.fr Marseille,2,55
844,Virgil van Dijk,1.eng Liverpool,4,390
845,Micky van de Ven,1.eng Tottenham,3,265
846,Bart Verbruggen,1.eng Brighton,4,390
847,Wout Weghorst,1.nl Ajax,1,50
848,Mats Wieffer,1.eng Brighton,0,
849,Omar Alderete,1.eng Sunderland,4,320
850,Miguel Almirón,1.us Atlanta Utd,4,282
851,Júnior Alonso,1.br Atlético Mineiro,5,390
852,Álex Arce,1.ar Ind. Rivadavia,2,53
853,Gabriel Ávalos,1.ar Independiente,4,141
854,Fabián Balbuena,1.br Grêmio,1,1
855,Damián Bobadilla,1.br São Paulo,4,189
856,Gustavo Caballero,2.eng Portsmouth,2,96
857,Juan Cáceres,1.ru Dynamo Moskva,5,436
858,José Canale,1.ar Lanús,4,161
859,Andrés Cubas,1.us Vancouver,5,480
860,Julio Enciso,1.fr Strasbourg,5,386
861,Gatito Fernández,1.py Cerro Porteño,0,
862,Matías Galarza,1.us Atlanta Utd,4,388
863,Orlando Gill,1.py San Lorenzo,5,480
864,Diego Gómez,1.eng Brighton,4,304
865,Gustavo Gómez,1.br Palmeiras,5,480
866,Kaku,1.ae Al Ain,1,11
867,Alexandro Maidana,1.ar Talleres–C,2,55
868,Mauricio,1.br Palmeiras,4,173
869,Braian Ojeda,1.us Orlando City,1,22
870,Gastón Olveira,1.py Olimpia,0,
871,Isidro Pitta,1.br RB Bragantino,1,45
872,Antonio Sanabria,1.it Cremonese,2,83
873,Ramón Sosa,1.br Palmeiras,1,12
874,Gustavo Velásquez,1.py Cerro Porteño,5,246
875,Hamza Abdelkarim,4.es Barcelona B,4,60
876,Hossam Abdelmaguid,1.eg Zamalek SC,2,59
877,Mohamed Abdelmonem,1.fr Nice,2,14
878,Ibrahim Adel,1.dk Nordsjælland,1,3
879,Mohamed Alaa,1.eg El Gouna FC,0,
880,Tarek Alaa,1.eg ZED,0,
881,Emam Ashour,1.eg Al Ahly,5,362
882,Marwan Attia,1.eg Al Ahly,5,434
883,Nabil Dunga,1.sa Al-Najma,0,
884,Hamdy Fathy,1.qa Al-Wakrah,4,238
885,Ahmed Fatouh,1.eg Zamalek SC,3,267
886,Karim Hafez,1.eg Pyramids FC,3,172
887,Mohamed Hany,1.eg Al Ahly,5,480
888,Haissem Hassan,1.es Oviedo,2,126
889,Yasser Ibrahim,1.eg Al Ahly,5,467
890,El Mahdy Soliman,1.eg Zamalek SC,,
891,Omar Marmoush,1.eng Manchester City,5,326
892,Mohanad Mostafa,1.eg Pyramids FC,,
893,Ramy Rabia,1.ae Al Ain,5,372
894,Mahmoud Saber,1.eg ZED,2,46
895,Mohamed Salah,1.eng Liverpool,5,425
896,Mohamed El-Shenawy,1.eg Al Ahly,0,
897,Mostafa Shobeir,1.eg Al Ahly,5,480
898,Trézéguet,1.eg Al Ahly,4,164
899,Mostafa Ziko,1.eg Pyramids FC,5,370
900,Zizo,1.eg Al Ahly,4,56
901,Ali Ahmed,2.eng Norwich City,4,234
902,Moïse Bombito,1.fr Nice,3,193
903,Tajon Buchanan,1.es Villarreal,5,376
904,Mathieu Choinière,1.us LAFC,1,57
905,Derek Cornelius,1.fr Marseille,4,315
906,Maxime Crépeau,1.us Orlando City,5,450
907,Jonathan David,1.it Juventus,5,420
908,Promise David,1.be Union SG,4,80
909,Alphonso Davies,1.de Bayern Munich,1,16
910,Luc De Fougerolles,1.eng Fulham,5,372
911,Stephen Eustáquio,1.pt Porto,5,392
912,Marcelo Flores,1.mx UANL,,
913,Owen Goodman,3.eng Barnsley,0,
914,Alistair Johnston,1.sct Celtic,5,450
915,Alfie Jones,2.eng Middlesbrough,0,
916,Ismaël Koné,1.it Sassuolo,2,146
917,Cyle Larin,1.es Mallorca,4,190
918,Richie Laryea,1.us Toronto FC,5,429
919,Liam Millar,2.eng Hull City,3,162
920,Jayden Nelson,1.us Austin FC,1,4
921,Tani Oluwaseyi,1.es Villarreal,5,259
922,Jonathan Osorio,1.us Toronto FC,2,5
923,Nathan Saliba,1.be Anderlecht,3,182
924,Jacob Shaffelburg,1.us LAFC,5,92
925,Niko Sigur,1.hr Hajduk Split,3,126
926,Dayne St. Clair,1.us Inter Miami,0,
927,Joel Waterman,1.us Chicago Fire,0,
928,Tomás Araújo,1.pt Benfica,1,90
929,João Cancelo,1.es Barcelona,5,312
930,Francisco Conceição,1.it Juventus,4,126
931,Diogo Costa,1.pt Porto,5,450
932,Samu Costa,1.es Mallorca,1,21
933,Diogo Dalot,1.eng Manchester Utd,2,65
934,Rúben Dias,1.eng Manchester City,4,360
935,João Félix,1.sa Al-Nassr,3,201
936,Bruno Fernandes,1.eng Manchester Utd,5,422
937,Gonçalo Guedes,1.es Real Sociedad,0,
938,Gonçalo Inácio,1.pt Sporting CP,0,
939,Rafael Leão,1.it Milan,5,158
940,Nuno Mendes,1.fr PSG,5,395
941,Pedro Neto,1.eng Chelsea,5,350
942,João Neves,1.fr PSG,5,390
943,Rúben Neves,1.sa Al-Hilal,2,55
944,Matheus Nunes,1.eng Manchester City,1,1
945,Gonçalo Ramos,1.fr PSG,2,36
946,Cristiano Ronaldo,1.sa Al-Nassr,5,440
947,José Sá,1.eng Wolves,0,
948,Nélson Semedo,1.tr Fenerbahçe,4,127
949,Bernardo Silva,1.eng Manchester City,4,97
950,Rui Silva,1.pt Sporting CP,0,
951,Francisco Trincão,1.pt Sporting CP,1,28
952,Renato Veiga,1.es Villarreal,5,450
953,Vitinha,1.fr PSG,5,376
954,Brenden Aaronson,1.eng Leeds United,1,76
955,Tyler Adams,1.eng Bournemouth,4,341
956,Max Arfsten,1.us Columbus Crew,1,1
957,Folarin Balogun,1.fr Monaco,4,312
958,Sebastian Berhalter,1.us Vancouver,5,187
959,Chris Brady,1.us Chicago Fire,0,
960,Sergiño Dest,1.nl PSV,5,297
961,Alex Freeman,1.es Villarreal,5,374
962,Matt Freese,1.us NYCFC,4,360
963,Weston McKennie,1.it Juventus,5,443
964,Mark McKenzie,1.fr Toulouse,1,90
965,Ricardo Pepi,1.nl PSV,5,204
966,Christian Pulisic,1.it Milan,4,223
967,Tim Ream,1.us Charlotte,4,360
968,Gio Reyna,1.de Gladbach,5,131
969,Chris Richards,1.eng Crystal Palace,4,360
970,Antonee Robinson,1.eng Fulham,4,348
971,Miles Robinson,1.us FC Cincinnati,1,90
972,Cristian Roldan,1.us Seattle Sounders,0,
973,Joe Scally,1.de Gladbach,2,87
974,Malik Tillman,1.de Leverkusen,5,356
975,Auston Trusty,1.sct Celtic,2,101
976,Matt Turner,1.us NE Revolution,1,90
977,Timothy Weah,1.fr Marseille,2,76
978,Haji Wright,2.eng Coventry City,2,2
979,Alejandro Zendejas,1.mx América,1,14
980,Alisson,1.eng Liverpool,5,450
981,Gleison Bremer,1.it Juventus,0,
982,Casemiro,1.eng Manchester Utd,5,379
983,Matheus Cunha,1.eng Manchester Utd,5,290
984,Danilo,1.br Flamengo,5,405
985,Endrick,1.fr Lyon,4,114
986,Fabinho,1.sa Al-Ittihad,3,71
987,Bruno Guimarães,1.eng Newcastle,5,416
988,Luiz Henrique,1.ru Zenit,1,29
989,Roger Ibanez,1.sa Al-Ahli,1,45
990,Vinicius Júnior,1.es Real Madrid,5,440
991,Gabriel Magalhães,1.eng Arsenal,5,450
992,Marquinhos,1.fr PSG,5,450
993,Gabriel Martinelli,1.eng Arsenal,4,143
994,Ederson Moraes,1.tr Fenerbahçe,0,
995,Neymar,1.br Santos,2,39
996,Lucas Paquetá,1.br Flamengo,4,233
997,Léo Pereira,1.br Flamengo,0,
998,Raphinha,1.es Barcelona,2,129
999,Rayan,1.eng Bournemouth,4,288
1000,Alex Sandro,1.br Flamengo,1,9
1001,Danilo Santos,1.br Botafogo–RJ,4,46
1002,Douglas Santos,1.ru Zenit,5,441
1003,Éderson Silva,1.it Atalanta,2,22
1004,Igor Thiago,1.eng Brentford,1,61
1005,Wesley,1.it Roma,,
1006,Wéverton,1.br Grêmio,0,
1007,Jhon Arias,1.br Palmeiras,5,377
1008,Santiago Arias,1.ar Independiente,1,86
1009,Juan Camilo Portilla,1.br Athletico–PR,0,
1010,Jaminton Campaz,1.ar Rosario Central,3,75
1011,Jorge Carrascal,1.br Flamengo,0,
1012,Kevin Castaño,1.ar River Plate,2,16
1013,Jhon Córdoba,1.ru Krasnodar,3,99
1014,Cucho,1.es Real Betis,2,50
1015,Álvaro David Montero,1.ar Vélez Sarsfield,0,
1016,Luis Díaz,1.de Bayern Munich,5,478
1017,Willer Ditta,1.mx Cruz Azul,0,
1018,Andrés Gómez,1.br Vasco da Gama,1,1
1019,Jefferson Lerma,1.eng Crystal Palace,5,410
1020,Jhon Lucumí,1.it Bologna,5,478
1021,Deiver Machado,1.fr Nantes,1,90
1022,Yerry Mina,1.it Cagliari,1,2
1023,Johan Mojica,1.es Mallorca,4,390
1024,Daniel Muñoz,1.eng Crystal Palace,5,394
1025,David Ospina,1.co Atlético Nacional,0,
1026,Gustavo Puerta,2.es Racing Sant,5,469
1027,Juan Quintero,1.ar River Plate,4,121
1028,Richard Ríos,1.pt Benfica,5,140
1029,James Rodríguez,1.us Minnesota Utd,5,313
1030,Davinson Sánchez,1.tr Galatasaray,5,480
1031,Luis Suárez,1.pt Sporting CP,5,331
1032,Camilo Vargas,1.mx Atlas,5,480
1033,Carlos Acevedo,1.mx Santos Laguna,0,
1034,Roberto Alvarado,1.mx Guadalajara,5,428
1035,Edson Álvarez,1.eng West Ham,4,240
1036,Luis Chávez,1.ru Dynamo Moskva,1,25
1037,Mateo Chávez,1.nl AZ Alkmaar,1,77
1038,Álvaro Fidalgo,1.es Real Betis,3,96
1039,Jesús Gallardo,1.mx Toluca,5,373
1040,Santiago Giménez,1.it Milan,4,86
1041,Armando González,1.mx Guadalajara,1,15
1042,Brian Gutiérrez,1.mx Guadalajara,4,198
1043,César Huerta,1.be Anderlecht,1,7
1044,Raúl Jiménez,1.eng Fulham,4,317
1045,Erik Lira,1.mx Cruz Azul,4,345
1046,Guillermo Martínez Ayala,1.mx UNAM,2,72
1047,César Montes,1.ru Loko Moscow,4,314
1048,Gilberto Mora,1.mx Tijuana,4,213
1049,Guillermo Ochoa,1.cy AEL Limassol,1,13
1050,Orbelín Pineda,1.gr AEK Athens,2,31
1051,Julián Quiñones,1.sa Al-Qadsiah,5,410
1052,Raúl Rangel,1.mx Guadalajara,5,437
1053,Israel Reyes,1.mx América,4,202
1054,Luis Romo,1.mx Guadalajara,4,264
1055,Jorge Sánchez,1.gr PAOK,4,348
1056,Obed Vargas,1.es Atlético Madrid,3,66
1057,Johan Vásquez,1.it Genoa,4,360
1058,Alexis Vega,1.mx Toluca,1,12
1059,Michel Aebischer,1.it Pisa,4,156
1060,Manuel Akanji,1.it Inter,6,600
1061,Zeki Amdouni,1.eng Burnley,4,73
1062,Aurèle Amenda,1.de Frankfurt,0,
1063,Eray Cömert,1.es Valencia,1,31
1064,Nico Elvedi,1.de Gladbach,6,600
1065,Breel Embolo,1.fr Rennes,6,501
1066,Christian Fassnacht,1.ch Young Boys,1,6
1067,Remo Freuler,1.it Bologna,6,592
1068,Cedric Itten,2.de Düsseldorf,3,42
1069,Luca Jaquez,1.de Stuttgart,2,78
1070,Ardon Jashari,1.it Milan,3,72
1071,Marvin Keller,1.ch Young Boys,0,
1072,Gregor Kobel,1.de Dortmund,6,600
1073,Johan Manzambi,1.de Freiburg,4,199
1074,Miro Muheim,1.de Hamburger SV,3,87
1075,Yvon Mvogo,1.fr Lorient,0,
1076,Dan Ndoye,1.eng Nottingham,6,406
1077,Noah Okafor,1.eng Leeds United,1,20
1078,Fabian Rieder,1.de Augsburg,5,302
1079,Ricardo Rodríguez,1.es Real Betis,6,517
1080,Djibril Sow,1.es Sevilla,4,253
1081,Ruben Vargas,1.es Sevilla,6,284
1082,Silvan Widmer,1.de Mainz 05,5,175
1083,Granit Xhaka,1.eng Sunderland,6,600
1084,Denis Zakaria,1.fr Monaco,4,357
1085,DF,Kenitra Morocco,,
1086,Ayoube Amaimouni,1.de Frankfurt,2,18
1087,Sofyan Amrabat,1.es Real Betis,3,147
1088,Neil El Aynaoui,1.it Roma,6,562
1089,Youssef Belammari,1.eg Al Ahly,0,
1090,Ayyoub Bouaddi,1.fr Lille,5,381
1091,Yassine Bounou,1.sa Al-Hilal,6,570
1092,Brahim Díaz,1.es Real Madrid,6,457
1093,Issa Diop,1.eng Fulham,5,476
1094,Abde Ezzalzouli,1.es Real Betis,,
1095,Achraf Hakimi,1.fr PSG,6,570
1096,Redouane Halhal,1.be Mechelen,2,180
1097,Ayoub El Kaabi,1.gr Olympiacos,1,69
1098,Bilal El Khannouss,1.de Stuttgart,6,461
1099,Noussair Mazraoui,1.eng Manchester Utd,6,477
1100,Samir El Mourabet,1.fr Strasbourg,5,81
1101,Munir,1.ma RS Berkane,0,
1102,Zakaria El Ouahdi,1.be Genk,1,17
1103,Azzedine Ounahi,1.es Girona,6,435
1104,Soufiane Rahimi,1.ae Al Ain,6,163
1105,Ahmed Reda Tagnaouti,1.ma AS FAR,0,
1106,Chadi Riad,1.eng Crystal Palace,4,344
1107,Marwane Saâdane,1.sa Al-Fateh,1,4
1108,Ismael Saibari,1.nl PSV,5,381
1109,Anass Salah-Eddine,1.nl PSV,4,212
1110,Amine Sbai,1.fr Angers,1,6
1111,Chemsdine Talbi,1.eng Sunderland,5,179
1112,Gessime Yassine,1.fr Strasbourg,3,80
1113,Timothy Castagne,1.eng Fulham,6,478
1114,Thibaut Courtois,1.es Real Madrid,6,550
1115,Kevin De Bruyne,1.it Napoli,5,382
1116,Maxim De Cuyper,1.eng Brighton,6,442
1117,Charles De Ketelaere,1.it Atalanta,5,350
1118,Koni De Winter,1.it Milan,0,
1119,Zeno Debast,1.pt Sporting CP,0,
1120,Jeremy Doku,1.eng Manchester City,5,309
1121,Matias Fernandez-Pardo,1.fr Lille,3,44
1122,Senne Lammens,1.eng Manchester Utd,1,20
1123,Romelu Lukaku,1.it Napoli,6,233
1124,Dodi Lukebakio,1.pt Benfica,3,164
1125,Brandon Mechele,1.be Club Brugge,6,570
1126,Thomas Meunier,1.fr Lille,3,190
1127,Diego Moreira,1.fr Strasbourg,1,58
1128,Nathan Ngoy,1.fr Lille,4,335
1129,Amadou Onana,1.eng Aston Villa,4,106
1130,Mike Penders,1.fr Strasbourg,0,
1131,Nicolas Raskin,1.sct Rangers,6,341
1132,Alexis Saelemaekers,1.it Milan,4,83
1133,Joaquin Seys,1.be Club Brugge,1,30
1134,Arthur Theate,1.de Frankfurt,3,228
1135,Youri Tielemans,1.eng Aston Villa,5,474
1136,Leandro Trossard,1.eng Arsenal,6,506
1137,Hans Vanaken,1.be Club Brugge,6,319
1138,Axel Witsel,1.es Girona,2,33
1139,Thelo Aasgaard,1.sct Rangers,1,90
1140,Kristoffer Ajer,1.eng Brentford,5,480
1141,Fredrik André Bjørkan,1.no Bodø/Glimt,1,45
1142,Fredrik Aursnes,1.pt Benfica,6,304
1143,Patrick Berg,1.no Bodø/Glimt,6,445
1144,Sander Berge,1.eng Fulham,5,480
1145,Oscar Bobb,1.eng Fulham,6,225
1146,Henrik Falchener,1.no Viking,1,65
1147,Erling Haaland,1.eng Manchester City,5,465
1148,Torbjørn Heggem,1.it Bologna,5,443
1149,Sondre Langås,2.eng Derby County,1,25
1150,David Møller Wolfe,1.eng Wolves,5,430
1151,Antonio Nusa,1.de RB Leipzig,6,318
1152,Ørjan Nyland,1.es Sevilla,5,480
1153,Marcus Pedersen,1.it Torino,4,236
1154,Jens Petter Hauge,1.no Bodø/Glimt,1,8
1155,Julian Ryerson,1.de Dortmund,4,223
1156,Andreas Schjelderup,1.pt Benfica,6,252
1157,Egil Selvik,2.eng Watford,1,90
1158,Jørgen Strand Larsen,1.eng Crystal Palace,2,105
1159,Alexander Sørloth,1.es Atlético Madrid,5,337
1160,Sander Tangvik,1.de Hamburger SV,0,
1161,Morten Thorsby,1.it Cremonese,1,45
1162,Kristian Thorstvedt,1.it Sassuolo,2,63
1163,Martin Ødegaard,1.eng Arsenal,5,470
1164,Leo Østigård,1.it Genoa,5,146
1165,Maghnes Akliouche,1.fr Monaco,1,8
1166,Bradley Barcola,1.fr PSG,8,384
1167,Rayan Cherki,1.eng Manchester City,7,130
1168,Ousmane Dembélé,1.fr PSG,8,592
1169,Lucas Digne,1.eng Aston Villa,6,463
1170,Désiré Doué,1.fr PSG,8,400
1171,Malo Gusto,1.eng Chelsea,5,121
1172,Lucas Hernández,1.fr PSG,0,
1173,Theo Hernández,1.sa Al-Hilal,5,257
1174,N'Golo Kanté,1.tr Fenerbahçe,0,
1175,Ibrahima Konaté,1.eng Liverpool,2,60
1176,Manu Koné,1.it Roma,5,385
1177,Jules Koundé,1.es Barcelona,8,599
1178,Maxence Lacroix,1.eng Crystal Palace,3,241
1179,Mike Maignan,1.it Milan,8,720
1180,Jean-Philippe Mateta,1.eng Crystal Palace,3,24
1181,Kylian Mbappé,1.es Real Madrid,8,695
1182,Michael Olise,1.de Bayern Munich,8,646
1183,Adrien Rabiot,1.it Milan,7,585
1184,Robin Risser,1.fr Lens,0,
1185,William Saliba,1.eng Arsenal,6,479
1186,Brice Samba,1.fr Rennes,0,
1187,Aurélien Tchouaméni,1.es Real Madrid,4,360
1188,Marcus Thuram,1.it Inter,1,1
1189,Dayot Upamecano,1.de Bayern Munich,8,660
1190,Warren Zaïre-Emery,1.fr PSG,2,110
1191,Elliot Anderson,1.eng Nottingham,8,632
1192,Jude Bellingham,1.es Real Madrid,8,614
1193,Dan Burn,1.eng Newcastle,3,35
1194,Trevoh Chalobah,1.eng Chelsea,1,1
1195,Eberechi Eze,1.eng Arsenal,5,211
1196,Anthony Gordon,1.es Barcelona,6,396
1197,Marc Guéhi,1.eng Manchester City,8,663
1198,Dean Henderson,1.eng Crystal Palace,1,90
1199,Jordan Henderson,1.eng Brentford,1,7
1200,Reece James,1.eng Chelsea,5,319
1201,Harry Kane,1.de Bayern Munich,7,652
1202,Ezri Konsa,1.eng Aston Villa,8,647
1203,Tino Livramento,1.eng Newcastle,,
1204,Noni Madueke,1.eng Arsenal,5,286
1205,Kobbie Mainoo,1.eng Manchester Utd,0,
1206,Nico O'Reilly,1.eng Manchester City,7,461
1207,Jordan Pickford,1.eng Everton,7,660
1208,Jarell Quansah,1.de Leverkusen,3,197
1209,Marcus Rashford,1.es Barcelona,6,223
1210,Declan Rice,1.eng Arsenal,7,557
1211,Morgan Rogers,1.eng Aston Villa,7,339
1212,Bukayo Saka,1.eng Arsenal,7,358
1213,Djed Spence,1.eng Tottenham,8,404
1214,John Stones,1.eng Manchester City,5,330
1215,Ivan Toney,1.sa Al-Ahli,2,79
1216,James Trafford,1.eng Manchester City,0,
1217,Ollie Watkins,1.eng Aston Villa,2,52
1218,Thiago Almada,1.es Atlético Madrid,5,241
1219,Julián Álvarez,1.es Atlético Madrid,8,602
1220,Leonardo Balerdi,1.fr Marseille,,
1221,Valentín Barco,1.fr Strasbourg,1,20
1222,Rodrigo De Paul,1.us Inter Miami,7,491
1223,Enzo Fernández,1.eng Chelsea,7,659
1224,Nicolás González,1.es Atlético Madrid,7,259
1225,Giovani Lo Celso,1.es Real Betis,1,59
1226,Flaco López,1.br Palmeiras,2,20
1227,Alexis Mac Allister,1.eng Liverpool,8,750
1228,Emiliano Martínez,1.eng Aston Villa,8,810
1229,Lautaro Martínez,1.it Inter,7,310
1230,Lisandro Martínez,1.eng Manchester Utd,7,624
1231,Facundo Medina,1.fr Marseille,5,308
1232,Lionel Messi,1.us Inter Miami,8,740
1233,Nahuel Molina,1.es Atlético Madrid,7,528
1234,Gonzalo Montiel,1.ar River Plate,6,192
1235,Juan Musso,1.es Atlético Madrid,0,
1236,Nicolás Otamendi,1.pt Benfica,7,247
1237,Exequiel Palacios,1.de Leverkusen,1,90
1238,Leandro Paredes,1.ar Boca Juniors,7,473
1239,Nicolás Paz,1.it Como,2,71
1240,Cristian Romero,1.eng Tottenham,7,608
1241,Gerónimo Rulli,1.fr Marseille,0,
1242,Marcos Senesi,1.eng Bournemouth,2,109
1243,Giuliano Simeone,1.es Atlético Madrid,3,192
1244,Nicolás Tagliafico,1.fr Lyon,7,476
1245,Álex Baena,1.es Atlético Madrid,7,481
1246,Pau Cubarsí,1.es Barcelona,8,750
1247,Marc Cucurella,1.eng Chelsea,8,750
1248,Eric García,1.es Barcelona,1,22
1249,Joan García,1.es Barcelona,0,
1250,Gavi,1.es Barcelona,2,76
1251,Álex Grimaldo,1.de Leverkusen,0,
1252,Borja Iglesias,1.es Celta Vigo,1,1
1253,Aymeric Laporte,1.es Athletic Club,8,727
1254,Marcos Llorente,1.es Atlético Madrid,3,187
1255,Mikel Merino,1.eng Arsenal,8,199
1256,Víctor Muñoz,1.es Osasuna,0,
1257,Dani Olmo,1.es Barcelona,8,491
1258,Mikel Oyarzabal,1.es Real Sociedad,8,601
1259,Pedri,1.es Barcelona,8,499
1260,Yéremy Pino,1.eng Crystal Palace,2,70
1261,Pedro Porro,1.eng Tottenham,6,563
1262,Marc Pubill,1.es Atlético Madrid,1,1
1263,David Raya,1.eng Arsenal,0,
1264,Rodri,1.eng Manchester City,8,724
1265,Fabián Ruiz Peña,1.fr PSG,8,321
1266,Unai Simón,1.es Athletic Club,8,750
1267,Ferran Torres,1.es Barcelona,8,288
1268,Nico Williams,1.es Athletic Club,6,113
1269,Lamine Yamal,1.es Barcelona,8,614
1270,Martín Zubimendi,1.eng Arsenal,1,22
