Rk,Player,Club,MP,Min,MinPerMatch
1,Hussein Ali,1.pl Pogoń Szczecin,2.0,162.0,81.0
2,Mohanad Ali,1.ae Dibba Al Fujairah,1.0,13.0,13.0
3,Amir Al Ammari,1.pl Cracovia,3.0,247.0,82.33333333333333
4,Youssef Amyn,1.cy AEK Larnaca,1.0,31.0,31.0
5,Ahmed Basil,1.iq Al-Shorta,2.0,135.0,67.5
6,Ibrahim Bayesh,1.ae Al Dhafra SCC,3.0,235.0,78.33333333333333
7,Frans Dhia Putros,1.id Persib Bandung,1.0,90.0,90.0
8,Merchas Doski,1.cz Viktoria Plzeň,3.0,270.0,90.0
9,Marko Farji,2.it Venezia,2.0,54.0,27.0
10,Ali Al Hamadi,2.eng Ipswich Town,3.0,180.0,60.0
11,Akam Hashim,1.iq Al-Zawra'a SC,3.0,270.0,90.0
12,Jalal Hassan,1.iq Al-Zawra'a SC,2.0,135.0,67.5
13,Ayman Hussein,1.iq Al-Karma,2.0,115.0,57.5
14,Zidane Iqbal,1.nl Utrecht,3.0,188.0,62.666666666666664
15,Zaid Ismail,1.iq Al-Talaba,2.0,117.0,58.5
16,Ali Jasim,1.sa Al-Najma,2.0,129.0,64.5
17,Ahmed Maknzi,1.iq Al-Karma,1.0,33.0,33.0
18,Ahmed Qasem,1.us Nashville SC,3.0,123.0,41.0
19,Mustafa Saadoon,1.iq Al-Shorta,1.0,18.0,18.0
20,Aimar Sher,1.no Sarpsborg 08,1.0,23.0,23.0
21,Rebin Sulaka,1.th Port FC,2.0,43.0,21.5
22,Zaid Tahseen,1.uz Pakhtakor Tashkent FK,2.0,149.0,74.5
25,Kevin Yakob,1.dk AGF,1.0,24.0,24.0
26,Manaf Younis,1.iq Al-Shorta,1.0,75.0,75.0
27,Ali Yousif,1.iq Al-Talaba,1.0,33.0,33.0
28,Ali Abdi,1.fr Nice,3.0,269.0,89.66666666666667
29,Elias Achouri,1.dk FC Copenhagen,3.0,43.0,14.333333333333334
33,Mortadha Ben Ouanes,1.tr Kasımpaşa,1.0,23.0,23.0
34,Anis Ben Slimane,2.eng Norwich City,3.0,240.0,80.0
35,Dylan Bronn,1.ch Servette FC,1.0,45.0,45.0
36,Mouhib Chamakh,1.tn Club Africain,1.0,90.0,90.0
37,Firas Chaouat,1.tn Club Africain,3.0,49.0,16.333333333333332
39,Aymen Dahmen,1.tn Ahly Sfaxien,2.0,180.0,90.0
41,Ismaël Gharbi,1.de Augsburg,3.0,127.0,42.333333333333336
42,Mohamed Amine Ben Hamida,1.tn Espérance Tunis,3.0,202.0,67.33333333333333
43,Rani Khedira,1.de Union Berlin,3.0,149.0,49.666666666666664
44,Hadj Mahmoud,1.ch Lugano,2.0,43.0,21.5
45,Hazem Mastouri,1.ru D. Makhachkala,1.0,89.0,89.0
46,Hannibal Mejbri,1.eng Burnley,3.0,270.0,90.0
48,Omar Rekik,1.si NK Maribor,2.0,180.0,90.0
49,Elias Saad,2.de Hannover 96,2.0,116.0,58.0
50,Ellyes Skhiri,1.de Frankfurt,3.0,250.0,83.33333333333333
51,Montassar Talbi,1.fr Lorient,3.0,270.0,90.0
52,Sebastian Tounekti,1.sct Celtic,3.0,84.0,28.0
53,Yan Valery,1.ch Young Boys,3.0,251.0,83.66666666666667
54,Abdulla Abdullaev,1.ae Dibba Al Fujairah,2.0,180.0,90.0
55,Khojiakbar Alijonov,1.uz Pakhtakor Tashkent FK,2.0,135.0,67.5
56,Azizbek Amonov,1.uz FK Bukhara Nurafshon,1.0,14.0,14.0
57,Rustam Ashurmatov,1.ir Esteghlal,3.0,256.0,85.33333333333333
59,Sherzod Esanov,1.uz FK Bukhara Nurafshon,1.0,1.0,1.0
61,Abbosbek Fayzullayev,1.tr Başakşehir,3.0,220.0,73.33333333333333
63,Odiljon Hamrobekov,1.ir Tractor,2.0,77.0,38.5
64,Jamshid Iskanderov,1.uz Neftchi FK,1.0,9.0,9.0
65,Ruslanbek Jiyanov,1.uz Navbahor,1.0,1.0,1.0
66,Bekhruz Karimov,1.uz FC Surkhon,2.0,179.0,89.5
67,Dostonbek Khamdamov,1.uz Pakhtakor Tashkent FK,2.0,103.0,51.5
68,Abdukodir Khusanov,1.eng Manchester City,3.0,270.0,90.0
70,Akmal Mozgovoy,1.uz Pakhtakor Tashkent FK,3.0,216.0,72.0
71,Sherzod Nasrullaev,1.uz FC Nasaf,3.0,180.0,60.0
72,Abduvohid Nematov,1.uz FC Nasaf,2.0,180.0,90.0
73,Farrukh Sayfiev,1.uz Neftchi FK,1.0,45.0,45.0
74,Igor Sergeev,1.ir Persepolis,3.0,28.0,9.333333333333334
75,Eldor Shomurodov,1.tr Başakşehir,3.0,269.0,89.66666666666667
76,Otabek Shukurov,1.ae Baniyas FC,3.0,237.0,79.0
78,Jakhongir Urozov,1.uz FK Dinamo Samarqand,2.0,95.0,47.5
79,Oston Urunov,1.ir Persepolis,2.0,63.0,31.5
80,Utkir Yusupov,1.uz Navbahor,1.0,90.0,90.0
81,Ricardo Adé,1.ec LDU Quito,3.0,270.0,90.0
82,Carlens Arcus,1.fr Angers,3.0,146.0,48.666666666666664
83,Jean-Ricner Bellegarde,1.eng Wolves,3.0,260.0,86.66666666666667
84,Josué Casimir,1.fr Auxerre,3.0,182.0,60.666666666666664
85,Louicius Deedson,1.us FC Dallas,3.0,112.0,37.333333333333336
86,Hannes Delcroix,1.ch Lugano,3.0,270.0,90.0
88,Jean-Kevin Duverne,1.be Gent,2.0,169.0,84.5
89,Derrick Etienne,1.us Toronto FC,1.0,10.0,10.0
90,Martin Expérience,2.fr Nancy,3.0,270.0,90.0
91,Yassin Fortuné,2.pt Vizela,1.0,6.0,6.0
93,Wilson Isidor,1.eng Sunderland,3.0,186.0,62.0
94,Danley Jean-Jacques,1.us Philadelphia,3.0,259.0,86.33333333333333
95,Lenny Joseph,1.hu Ferencváros,3.0,117.0,39.0
98,Duckens Nazon,1.ir Esteghlal,1.0,24.0,24.0
103,Frantzdy Pierrot,1.tr Rizespor,3.0,143.0,47.666666666666664
104,Johny Placide,2.fr Bastia,3.0,270.0,90.0
105,Ruben Providence,2.nl Almere City,3.0,220.0,73.33333333333333
106,Dominique Simon,1.sk 1. FC Tatran Prešov B,2.0,56.0,28.0
108,Husam Abu Dahab,1.kw Al-Salmiya SC,2.0,178.0,89.0
109,Mohammad Abu Hasheesh,1.iq Al-Karma,1.0,6.0,6.0
110,Mohannad Abu Taha,1.iq Al-Quwa Al-Jawiya,3.0,264.0,88.0
111,Mo Abualnadi,1.my Selangor FA,1.0,71.0,71.0
112,Yazeed Abulaila,1.jo Al-Hussein SC,3.0,270.0,90.0
113,Yazan Al-Arab,1.kr FC Seoul,3.0,270.0,90.0
115,Ali Azaizeh,1.sa Al-Shabab,3.0,54.0,18.0
118,Mohammad Al-Dawud,1.jo Al-Wehdat SC,1.0,3.0,3.0
120,Odeh Al-Fakhouri,1.eg Pyramids FC,3.0,148.0,49.333333333333336
121,Ihsan Haddad,1.jo Al-Hussein SC,3.0,260.0,86.66666666666667
122,Amer Jamous,1.iq Al-Zawra'a SC,1.0,15.0,15.0
123,Mahmoud Al-Mardi,1.jo Al-Hussein SC,3.0,130.0,43.333333333333336
124,Abdallah Nasib,1.iq Al-Zawra'a SC,3.0,260.0,86.66666666666667
125,Salim Obaid,1.jo Al-Hussein SC,3.0,21.0,7.0
126,Ali Olwan,1.qa Al-Sailiya SC,3.0,268.0,89.33333333333333
127,Nizar Al Rashdan,1.qa Qatar SC,3.0,255.0,85.0
128,Noor Al Rawabdeh,1.my Selangor FA,3.0,270.0,90.0
129,Saed Al-Rosan,1.jo Al-Hussein SC,1.0,10.0,10.0
132,Sharara,1.ma Raja Casablanca,2.0,2.0,1.0
133,Musa Al-Taamari,1.fr Rennes,3.0,215.0,71.66666666666667
135,Michael Amir Murillo,1.tr Beşiktaş,3.0,270.0,90.0
136,Andrés Andrade Cedeño,1.at LASK,3.0,270.0,90.0
137,Yoel Bárcenas,1.mx Mazatlán,3.0,249.0,83.0
138,César Blackman,1.sk Slovan Bratislava,2.0,178.0,89.0
140,José Córdoba,2.eng Norwich City,3.0,270.0,90.0
141,Erick Davis,1.pa Plaza Amador,2.0,4.0,2.0
142,Ismael Díaz,1.mx León,2.0,37.0,18.5
143,Fidel Escobar,1.cr Saprissa,1.0,90.0,90.0
144,José Fajardo,1.ec Univ Católica,3.0,155.0,51.666666666666664
146,Aníbal Godoy,1.us San Diego FC,1.0,1.0,1.0
147,Jorge Gutiérrez,1.ve Dep. La Guaira,1.0,87.0,87.0
148,Carlos Harvey,1.us Minnesota Utd,3.0,267.0,89.0
149,Azarías Londoño,1.ec Univ Católica,3.0,56.0,18.666666666666668
150,José Luis Rodríguez,1.mx FC Juárez,3.0,233.0,77.66666666666667
151,Cristian Martínez,1.il Kiryat Shmona,3.0,242.0,80.66666666666667
154,Orlando Mosquera,1.sa Al-Fayha,3.0,270.0,90.0
155,Alberto Quintero,1.pa Plaza Amador,1.0,3.0,3.0
156,Jiovany Ramos,1.ve Puerto Cabello,2.0,166.0,83.0
157,Tomás Rodríguez,1.cr Saprissa,2.0,46.0,23.0
159,Cecilio Waterman,1.cl U Concepción,2.0,76.0,38.0
161,Jeremy Antonisse,1.gr AE Kifisia,2.0,75.0,37.5
162,Juninho Bacuna,1.nl Volendam,3.0,254.0,84.66666666666667
163,Leandro Bacuna,2.tr 76 Iğdır Belediyespor,3.0,270.0,90.0
164,Riechedly Bazoer,1.tr Konyaspor,1.0,90.0,90.0
166,Joshua Brenet,1.tr Kayserispor,2.0,179.0,89.5
167,Tahith Chong,2.eng Sheffield United,3.0,247.0,82.33333333333333
168,Livano Comenencia,1.ch Zürich,3.0,233.0,77.66666666666667
170,Roshon van Eijma,2.nl RKC Waalwijk,1.0,15.0,15.0
172,Sherel Floranus,1.nl Zwolle,3.0,270.0,90.0
173,Deveron Fonville,1.nl NEC Nijmegen,3.0,241.0,80.33333333333333
174,Juriën Gaari,2.sa Abha,2.0,166.0,83.0
175,Kenji Gorré,1.il Maccabi Haifa,1.0,16.0,16.0
176,Sontje Hansen,2.eng Middlesbrough,1.0,45.0,45.0
177,Gervane Kastaneer,1.my Terengganu City,3.0,30.0,10.0
178,Brandley Kuwas,1.nl Volendam,1.0,1.0,1.0
179,Jürgen Locadia,2.us Miami FC,3.0,235.0,78.33333333333333
180,Jearl Margaritha,2.be Beveren,2.0,41.0,20.5
182,Tyrese Noslin,1.nl Telstar,1.0,14.0,14.0
183,Armando Obispo,1.nl PSV,3.0,270.0,90.0
184,Godfried Roemeratoe,2.nl RKC Waalwijk,1.0,7.0,7.0
185,Eloy Room,2.us Miami FC,3.0,270.0,90.0
186,Shurandy Sambo,1.nl Sparta R.,1.0,1.0,1.0
187,Yusuf Abdurisag,1.qa Al-Wakrah,2.0,98.0,49.0
188,Mahmoud Abunada,1.qa Al Rayyan SC,3.0,270.0,90.0
189,Akram Afif,1.qa Al Sadd,3.0,238.0,79.33333333333333
190,Homam Ahmed,2.es Cultural Leonesa,2.0,122.0,61.0
191,Ahmed Alaaeldin,1.qa Al Rayyan SC,2.0,43.0,21.5
192,Almoez Ali,1.qa Al Duhail SC,1.0,19.0,19.0
194,Karim Boudiaf,1.qa Al Duhail SC,2.0,102.0,51.0
195,Sultan Al-Brake,1.qa Al Duhail SC,2.0,141.0,70.5
196,Ahmed Fathy,1.qa Al-Arabi,3.0,150.0,50.0
197,Jassem Gaber,1.qa Al Rayyan SC,3.0,149.0,49.666666666666664
198,Ahmed Al-Ganehi,1.qa Al-Gharafa Sports Club,1.0,36.0,36.0
199,Abdulaziz Hatem,1.qa Al Rayyan SC,1.0,45.0,45.0
200,Hassan Al-Haydos,1.qa Al Sadd,2.0,57.0,28.5
201,Al-Hashmi Al-Hussain,1.qa Al-Arabi,1.0,32.0,32.0
203,Edmilson Junior,1.qa Al Duhail SC,3.0,210.0,70.0
204,Boualem Khoukhi,1.qa Al Sadd,3.0,270.0,90.0
205,Issa Laye,1.qa Al-Arabi,3.0,270.0,90.0
206,Assim Madibo,1.qa Al-Wakrah,2.0,131.0,65.5
207,Mohamed Manai,1.qa Al-Shamal Sports Club,3.0,69.0,23.0
208,Lucas Mendes,1.qa Al-Wakrah,1.0,4.0,4.0
210,Ayoub Al-Oui,1.qa Al-Gharafa Sports Club,2.0,149.0,74.5
211,Ró-Ró,1.qa Al Sadd,3.0,270.0,90.0
215,Joe Bell,1.no Viking,3.0,243.0,81.0
216,Tyler Bindon,2.eng Sheffield United,3.0,97.0,32.333333333333336
217,Michael Boxall,1.us Minnesota Utd,3.0,207.0,69.0
218,Liberato Cacace,2.eng Wrexham,3.0,220.0,73.33333333333333
219,Max Crocombe,2.eng Millwall,3.0,270.0,90.0
220,Callan Elliot,1.au Auckland FC,1.0,13.0,13.0
222,Elijah Just,1.sct Motherwell,3.0,264.0,88.0
223,Callum McCowatt,1.dk Silkeborg,3.0,159.0,53.0
224,Ben Old,2.fr Saint-Étienne,3.0,93.0,31.0
226,Tim Payne,1.au Wellington,3.0,224.0,74.66666666666667
228,Jesse Randall,1.au Auckland FC,3.0,61.0,20.333333333333332
231,Sarpreet Singh,1.au Wellington,3.0,209.0,69.66666666666667
233,Marko Stamenic,2.eng Swansea City,3.0,269.0,89.66666666666667
234,Finn Surman,1.us Portland Timbers,3.0,270.0,90.0
235,Ryan Thomas,1.nl Zwolle,3.0,83.0,27.666666666666668
236,Francis de Vries,1.au Auckland FC,2.0,18.0,9.0
238,Chris Wood,1.eng Nottingham,3.0,270.0,90.0
240,Lukáš Červ,1.cz Viktoria Plzeň,2.0,163.0,81.5
241,Štěpán Chaloupek,1.cz Slavia Prague,1.0,90.0,90.0
242,Tomáš Chorý,1.cz Slavia Prague,2.0,31.0,15.5
243,Mojmír Chytil,1.cz Slavia Prague,1.0,7.0,7.0
244,Vladimír Coufal,1.de Hoffenheim,3.0,270.0,90.0
245,Vladimír Darida,1.cz Hradec Králové,1.0,54.0,54.0
246,David Douděra,1.cz Slavia Prague,1.0,90.0,90.0
247,Adam Hložek,1.de Hoffenheim,3.0,156.0,52.0
248,Tomáš Holeš,1.cz Slavia Prague,2.0,153.0,76.5
250,Robin Hranáč,1.de Hoffenheim,3.0,270.0,90.0
252,Matej Kovar,1.nl PSV,3.0,270.0,90.0
253,Ladislav Krejčí,1.eng Wolves,3.0,270.0,90.0
255,Lukáš Provod,1.cz Slavia Prague,3.0,122.0,40.666666666666664
256,Michal Sadílek,1.cz Slavia Prague,3.0,183.0,61.0
257,Patrik Schick,1.de Leverkusen,3.0,180.0,60.0
259,Alexandr Sojka,1.cz Viktoria Plzeň,3.0,141.0,47.0
260,Tomáš Souček,1.eng West Ham,3.0,137.0,45.666666666666664
262,Pavel Šulc,1.fr Lyon,3.0,189.0,63.0
263,Denis Višinský,1.cz Viktoria Plzeň,1.0,55.0,55.0
264,Jaroslav Zelený,1.cz Sparta Prague,2.0,126.0,63.0
265,David Zima,1.cz Slavia Prague,1.0,13.0,13.0
266,Saud Abdulhamid,1.fr Lens,3.0,269.0,89.66666666666667
269,Nawaf Boushal,1.sa Al-Nassr,2.0,91.0,45.5
270,Firas Al-Buraikan,1.sa Al-Ahli,3.0,238.0,79.33333333333333
271,Nasser Al-Dawsari,1.sa Al-Hilal,3.0,207.0,69.0
272,Salem Al-Dawsari,1.sa Al-Hilal,3.0,245.0,81.66666666666667
273,Khalid Al Ghannam,1.sa Al-Ettifaq,1.0,1.0,1.0
274,Abdullah Al-Hamdan,1.sa Al-Nassr,3.0,71.0,23.666666666666668
275,Moteb Al-Harbi,1.sa Al-Hilal,3.0,188.0,62.666666666666664
276,Alaa Al Hejji,1.sa Neom,2.0,32.0,16.0
278,Musab Al Juwayr,1.sa Al-Qadsiah,3.0,152.0,50.666666666666664
280,Mohamed Kanno,1.sa Al-Hilal,3.0,225.0,75.0
282,Abdullah Al-Khaibari,1.sa Al-Nassr,3.0,180.0,60.0
283,Ali Lajami,1.sa Al-Hilal,3.0,149.0,49.666666666666664
285,Sultan Mendash,1.sa Al-Hilal,1.0,65.0,65.0
286,Mohammed Al-Owais,1.sa Al-Ula,3.0,270.0,90.0
287,Mohammed Abu Al-Shamat,1.sa Al-Qadsiah,3.0,136.0,45.333333333333336
289,Hassan Al Tambakti,1.sa Al-Hilal,3.0,212.0,70.66666666666667
292,Rodrigo Aguirre,1.mx América,1.0,1.0,1.0
293,Maxi Araújo,1.pt Sporting CP,3.0,250.0,83.33333333333333
296,Rodrigo Bentancur,1.eng Tottenham,3.0,270.0,90.0
298,Sebastián Cáceres,1.mx América,3.0,270.0,90.0
299,Agustín Canobbio,1.br Fluminense,3.0,224.0,74.66666666666667
300,Nicolás De La Cruz,1.br Flamengo,3.0,86.0,28.666666666666668
301,Juan Manuel Sanabria,1.mx Atlético San Luis,3.0,204.0,68.0
305,Fernando Muslera,1.tr Galatasaray,3.0,225.0,75.0
306,Darwin Núñez,1.sa Al-Hilal,3.0,156.0,52.0
307,Mathías Olivera,1.it Napoli,3.0,270.0,90.0
310,Sergio Rochet,1.br Internacional,1.0,45.0,45.0
311,Brian Rodríguez,1.mx América,3.0,41.0,13.666666666666666
312,Manuel Ugarte,1.eng Manchester Utd,3.0,184.0,61.333333333333336
313,Federico Valverde,1.es Real Madrid,3.0,236.0,78.66666666666667
314,Guillermo Varela,1.br Flamengo,3.0,270.0,90.0
315,Matías Viña,1.br Flamengo,1.0,45.0,45.0
316,Federico Viñas,1.es Oviedo,3.0,192.0,64.0
318,Ché Adams,1.it Torino,3.0,145.0,48.333333333333336
319,Ryan Christie,1.eng Bournemouth,3.0,95.0,31.666666666666668
320,Findlay Curtis,1.sct Kilmarnock,2.0,9.0,4.5
321,Lyndon Dykes,2.eng Charlton Athletic,2.0,36.0,18.0
322,Lewis Ferguson,1.it Bologna,3.0,270.0,90.0
324,Ben Gannon-Doak,1.eng Bournemouth,3.0,186.0,62.0
327,Angus Gunn,1.eng Nottingham,3.0,270.0,90.0
328,Grant Hanley,1.sct Hibernian,2.0,180.0,90.0
329,Jack Hendry,1.sa Al-Ettifaq,3.0,270.0,90.0
330,Aaron Hickey,1.eng Brentford,1.0,74.0,74.0
334,John McGinn,1.eng Aston Villa,3.0,259.0,86.33333333333333
335,Scott McKenna,1.hr Dinamo Zagreb,1.0,90.0,90.0
336,Kenny McLean,2.eng Norwich City,3.0,118.0,39.333333333333336
337,Scott McTominay,1.it Napoli,3.0,270.0,90.0
338,Nathan Patterson,1.eng Everton,3.0,185.0,61.666666666666664
339,Anthony Ralston,1.sct Celtic,2.0,11.0,5.5
340,Andy Robertson,1.eng Liverpool,3.0,225.0,75.0
341,Lawrence Shankland,1.sct Hearts,2.0,171.0,85.5
343,Ross Stewart,2.eng Southampton,1.0,2.0,2.0
344,Kieran Tierney,1.sct Celtic,2.0,104.0,52.0
346,Yunus Akgün,1.tr Galatasaray,2.0,88.0,44.0
347,Kerem Aktürkoğlu,1.tr Fenerbahçe,2.0,129.0,64.5
348,Barış Alper Yılmaz,1.tr Galatasaray,3.0,179.0,59.666666666666664
349,Oğuz Aydın,1.tr Fenerbahçe,1.0,89.0,89.0
350,Kaan Ayhan,1.tr Galatasaray,1.0,3.0,3.0
351,Abdülkerim Bardakcı,1.tr Galatasaray,3.0,265.0,88.33333333333333
353,Uğurcan Çakır,1.tr Galatasaray,3.0,270.0,90.0
354,Hakan Çalhanoğlu,1.it Inter,2.0,180.0,90.0
355,İrfan Can Kahveci,1.tr Kasımpaşa,1.0,1.0,1.0
356,Zeki Çelik,1.it Roma,2.0,163.0,81.5
357,Merih Demiral,1.sa Al-Ahli,2.0,180.0,90.0
358,Eren Elmalı,1.tr Galatasaray,2.0,111.0,55.5
359,Deniz Gül,1.pt Porto,2.0,37.0,18.5
360,Arda Güler,1.es Real Madrid,3.0,270.0,90.0
362,Ozan Kabak,1.de Hoffenheim,1.0,90.0,90.0
363,Ferdi Kadioglu,1.eng Brighton,2.0,159.0,79.5
364,Orkun Kökçü,1.tr Beşiktaş,3.0,153.0,51.0
365,Mert Müldür,1.tr Fenerbahçe,3.0,101.0,33.666666666666664
366,Salih Özcan,1.de Dortmund,2.0,100.0,50.0
367,Çağlar Söyüncü,1.tr Fenerbahçe,1.0,7.0,7.0
368,Can Uzun,1.de Frankfurt,2.0,38.0,19.0
369,Kenan Yıldız,1.it Juventus,3.0,218.0,72.66666666666667
370,İsmail Yüksek,1.tr Fenerbahçe,2.0,139.0,69.5
372,Jens Castrop,1.de Gladbach,1.0,45.0,45.0
374,Lee Gi-hyuk,1.kr Gangwon FC,3.0,270.0,90.0
375,Cho Gue-sung,1.dk Midtjylland,2.0,31.0,15.5
376,Lee Han-beom,1.dk Midtjylland,3.0,270.0,90.0
377,Hwang Hee-chan,1.eng Wolves,3.0,108.0,36.0
378,Son Heung-min,1.us LAFC,3.0,169.0,56.333333333333336
379,Oh Hyeon-gyu,1.tr Beşiktaş,3.0,129.0,43.0
381,Yang Hyun-jun,1.sct Celtic,1.0,20.0,20.0
382,Hwang In-beom,1.nl Feyenoord,3.0,263.0,87.66666666666667
383,Lee Jae-sung,1.de Mainz 05,2.0,117.0,58.5
384,Eom Ji-sung,2.eng Swansea City,2.0,42.0,21.0
385,Kim Jin-gyu,1.kr Jeonbuk,2.0,52.0,26.0
386,Park Jinseob,1.cn Zhejiang,2.0,32.0,16.0
388,Lee Kang-in,1.fr PSG,3.0,270.0,90.0
389,Kim Min-jae,1.de Bayern Munich,3.0,245.0,81.66666666666667
390,Kim Moon-hwan,1.kr Daejeon Hana,1.0,70.0,70.0
391,Kim Seung-gyu,1.jp FC Tokyo,3.0,270.0,90.0
392,Paik Seung-ho,2.eng Birmingham City,3.0,204.0,68.0
394,Lee Tae-seok,1.at Austria Wien,2.0,113.0,56.5
396,Seol Young-woo,1.rs Red Star,3.0,250.0,83.33333333333333
398,Ali Alipour,1.ir Persepolis,1.0,38.0,38.0
399,Alireza Beiranvand,1.ir Tractor,3.0,270.0,90.0
403,Saeid Ezatolahi,1.ae Al-Ahli Dubai FC,3.0,264.0,88.0
404,Mehdi Ghayedi,1.ae Al-Nasr Dubai,1.0,45.0,45.0
405,Saman Ghoddos,1.ae Al-Ittihad Kalba,3.0,208.0,69.33333333333333
406,Mohammad Ghorbani,1.ae Al-Wahda FC,1.0,90.0,90.0
407,Ehsan Hajsafi,1.ir Sepahan,2.0,91.0,45.5
408,Saleh Hardani,1.ir Esteghlal,2.0,90.0,45.0
410,Amirhossein Hosseinzadeh,1.ir Tractor,2.0,17.0,8.5
411,Alireza Jahanbakhsh,1.be Dender,2.0,46.0,23.0
412,Hossein Kanaanizadegan,1.ir Persepolis,2.0,135.0,67.5
413,Shoja' Khalilzadeh,1.ir Tractor,3.0,270.0,90.0
414,Shahriar Moghanlou,1.ae Al-Ittihad Kalba,3.0,88.0,29.333333333333332
415,Milad Mohammadi,1.ir Persepolis,3.0,205.0,68.33333333333333
416,Mohammad Mohebi,1.ru Rostov,3.0,244.0,81.33333333333333
417,Ali Nemati,1.ir Foolad,3.0,270.0,90.0
420,Ramin Rezaeian,1.ir Foolad,3.0,270.0,90.0
421,Mehdi Taremi,1.gr Olympiacos,3.0,259.0,86.33333333333333
422,Mehdi Torabi,1.ir Tractor,1.0,25.0,25.0
423,Aria Yousefi,1.ir Sepahan,1.0,45.0,45.0
424,Telmo Arcanjo,1.pt Vit. Guimarães,2.0,57.0,28.5
425,Gilson Benchimol,1.ru Akron Tolyatti,2.0,78.0,39.0
426,Jovane Cabral,1.pt Estrela,2.0,139.0,69.5
428,Nuno da Costa,1.tr Başakşehir,4.0,159.0,39.75
429,Diney,1.ae Al Bataeh,4.0,390.0,90.0
431,Deroy Duarte,1.bg Ludogorets,4.0,264.0,66.0
432,Laros Duarte,1.hu Puskás Akad.,4.0,166.0,41.5
433,Dailon Livramento,1.pt Casa Pia,3.0,174.0,58.0
434,Sidny Lopes Cabral,1.pt Benfica,3.0,285.0,90.0
435,Ryan Mendes,2.tr 76 Iğdır Belediyespor,4.0,330.0,82.5
436,Jamiro Monteiro,1.nl Zwolle,4.0,281.0,70.25
437,Steven Moreira,1.us Columbus Crew,4.0,301.0,75.25
438,João Paulo Fernandes,1.ro FCSB,2.0,105.0,52.5
439,Pico,1.ie Shamrock,4.0,390.0,90.0
440,Kevin Pina,1.ru Krasnodar,4.0,349.0,87.25
441,Wagner Pina,1.tr Trabzonspor,1.0,89.0,89.0
443,Garry Rodrigues,1.cy Apollon Limassol,2.0,76.0,38.0
445,Willy Semedo,1.cy AC Omonia,3.0,131.0,43.666666666666664
447,Hélio Varela,1.il Maccabi Tel Aviv,3.0,104.0,34.666666666666664
448,Vozinha,2.pt Chaves,4.0,390.0,90.0
449,Yannick,2.pt Farense,2.0,32.0,16.0
450,Lamine Camara,1.fr Monaco,4.0,248.0,62.0
451,Pathé Ciss,1.es Rayo Vallecano,4.0,184.0,46.0
452,Assane Diao,1.it Como,1.0,10.0,10.0
453,Habib Diarra,1.eng Sunderland,3.0,143.0,47.666666666666664
454,Krépin Diatta,1.fr Monaco,4.0,390.0,90.0
455,Mory Diaw,1.fr Le Havre,3.0,238.0,79.33333333333333
456,Bamba Dieng,1.fr Lorient,1.0,8.0,8.0
457,El Hadji Malick Diouf,1.eng West Ham,3.0,171.0,57.0
459,Idrissa Gueye,1.eng Everton,4.0,361.0,90.0
460,Pape Gueye,1.es Villarreal,4.0,234.0,58.5
461,Nicolas Jackson,1.de Bayern Munich,4.0,234.0,58.5
462,Ismail Jakobs,1.tr Galatasaray,3.0,219.0,73.0
463,Kalidou Koulibaly,1.sa Al-Hilal,2.0,161.0,80.5
464,Sadio Mané,1.sa Al-Nassr,4.0,362.0,90.0
465,Pape Matar Sarr,1.eng Tottenham,2.0,67.0,33.5
466,Ibrahim Mbaye,1.fr PSG,4.0,157.0,39.25
468,Édouard Mendy,1.sa Al-Ahli,2.0,152.0,76.0
470,Iliman Ndiaye,1.eng Everton,3.0,114.0,38.0
471,Moussa Niakhaté,1.fr Lyon,4.0,390.0,90.0
472,Bara Sapoko Ndiaye,1.de Bayern Munich,1.0,26.0,26.0
473,Ismaila Sarr,1.eng Crystal Palace,4.0,364.0,90.0
475,Abdoulaye Seck,1.il Maccabi Haifa,1.0,57.0,57.0
477,Rayan Aït-Nouri,1.eng Manchester City,4.0,284.0,71.0
479,Mohamed Amoura,1.de Wolfsburg,1.0,27.0,27.0
480,Houssem Aouar,1.sa Al-Ittihad,3.0,173.0,57.666666666666664
481,Zineddine Belaïd,1.dz JS Kabylie,2.0,25.0,12.5
482,Rafik Belghali,1.it Hellas Verona,4.0,331.0,82.75
483,Oussama Benbot,1.dz USM Alger,1.0,90.0,90.0
484,Nadhir Benbouali,1.hu Győr,1.0,45.0,45.0
485,Ramy Bensebaini,1.de Dortmund,4.0,360.0,90.0
486,Nabil Bentaleb,1.fr Lille,4.0,285.0,71.25
487,Hicham Boudaoui,1.fr Nice,3.0,128.0,42.666666666666664
488,Adil Boulbina,1.qa Al Duhail SC,2.0,19.0,9.5
489,Fares Chaïbi,1.de Frankfurt,4.0,360.0,90.0
490,Samir Chergui,1.fr Paris FC,1.0,20.0,20.0
491,Farés Ghedjemis,2.it Frosinone,1.0,1.0,1.0
492,Amine Gouiri,1.fr Marseille,4.0,251.0,62.75
493,Anis Hadj Moussa,1.nl Feyenoord,3.0,98.0,32.666666666666664
494,Jaouen Hadjam,1.ch Young Boys,3.0,109.0,36.333333333333336
495,Riyad Mahrez,1.sa Al-Ahli,4.0,262.0,65.5
496,Aïssa Mandi,1.fr Lille,4.0,360.0,90.0
498,Ibrahim Maza,1.de Leverkusen,4.0,351.0,87.75
500,Ramiz Zerrouki,1.nl Twente,3.0,111.0,37.0
501,Luca Zidane,2.es Granada,3.0,270.0,90.0
502,Kerim Alajbegović,1.at RB Salzburg,4.0,277.0,69.25
503,Esmir Bajraktarevic,1.nl PSV,4.0,230.0,57.5
504,Ivan Bašić,1.kz FC Astana,3.0,179.0,59.666666666666664
505,Samed Baždar,1.de Gladbach,1.0,29.0,29.0
506,Dženis Burnić,2.de Karlsruher,2.0,16.0,8.0
508,Amar Dedić,1.pt Benfica,3.0,270.0,90.0
509,Ermedin Demirović,1.de Stuttgart,4.0,354.0,88.5
510,Edin Džeko,2.de Schalke 04,3.0,176.0,58.666666666666664
511,Armin Gigovic,1.ch Young Boys,2.0,79.0,39.5
512,Amir Hadžiahmetović,2.eng Hull City,1.0,6.0,6.0
513,Dennis Hadžikadunić,2.it Sampdoria,1.0,27.0,27.0
516,Nikola Katić,2.de Schalke 04,4.0,317.0,79.25
517,Sead Kolašinac,1.it Atalanta,4.0,337.0,84.25
518,Jovo Lukić,1.ro Univ. Cluj,2.0,67.0,33.5
519,Ermin Mahmić,1.cz Slovan Liberec,3.0,68.0,22.666666666666668
520,Arjan Malic,1.at Sturm Graz,1.0,45.0,45.0
521,Amar Memić,1.cz Viktoria Plzeň,4.0,224.0,56.0
522,Tarik Muharemovic,1.it Sassuolo,3.0,259.0,86.33333333333333
524,Stjepan Radeljić,1.hr Rijeka,2.0,180.0,90.0
525,Ivan Šunjić,1.cy Pafos FC,4.0,196.0,49.0
526,Haris Tabaković,2.de Schalke 04,1.0,16.0,16.0
527,Benjamin Tahirovic,1.dk Brøndby,4.0,237.0,59.25
528,Nikola Vasilj,1.de St Pauli,4.0,360.0,90.0
531,David Alaba,1.es Real Madrid,4.0,275.0,68.75
532,Marko Arnautović,1.rs Red Star,4.0,144.0,36.0
534,Carney Chukwuemeka,1.de Dortmund,3.0,83.0,27.666666666666668
535,Kevin Danso,1.eng Tottenham,4.0,241.0,60.25
536,Marco Friedl,1.de Werder Bremen,1.0,24.0,24.0
537,Michael Gregoritsch,1.de Augsburg,3.0,188.0,62.666666666666664
538,Florian Grillitsch,1.pt Braga,2.0,90.0,45.0
539,Saša Kalajdžić,1.at LASK,3.0,77.0,25.666666666666668
540,Konrad Laimer,1.de Bayern Munich,4.0,360.0,90.0
541,Philipp Lienhart,1.de Freiburg,2.0,180.0,90.0
543,Phillipp Mwene,1.de Mainz 05,2.0,147.0,73.5
545,Stefan Posch,1.de Mainz 05,4.0,331.0,82.75
546,Alexander Prass,1.de Hoffenheim,2.0,29.0,14.5
547,Marcel Sabitzer,1.de Dortmund,4.0,360.0,90.0
548,Alexander Schlager,1.at RB Salzburg,4.0,360.0,90.0
549,Xaver Schlager,1.de RB Leipzig,4.0,238.0,59.5
550,Romano Schmid,1.de Werder Bremen,4.0,263.0,65.75
552,Nicolas Seiwald,1.de RB Leipzig,4.0,315.0,78.75
554,Paul Wanner,1.nl PSV,4.0,234.0,58.5
556,Patrick Wimmer,1.de Wolfsburg,2.0,21.0,10.5
557,Taha Ali,1.se Malmö,2.0,37.0,18.5
558,Yasin Ayari,1.eng Brighton,4.0,339.0,84.75
559,Lucas Bergvall,1.eng Tottenham,4.0,181.0,45.25
560,Alexander Bernhardsson,2.de Holstein Kiel,3.0,217.0,72.33333333333333
562,Anthony Elanga,1.eng Newcastle,4.0,217.0,54.25
563,Gabriel Gudmundsson,1.eng Leeds United,4.0,330.0,82.5
564,Viktor Gyökeres,1.eng Arsenal,4.0,360.0,90.0
565,Isak Hien,1.it Atalanta,3.0,216.0,72.0
567,Alexander Isak,1.eng Liverpool,4.0,357.0,89.25
570,Jesper Karlström,1.it Udinese,2.0,138.0,69.0
571,Gustaf Lagerbielke,1.pt Braga,4.0,360.0,90.0
572,Victor Lindelöf,1.eng Aston Villa,4.0,356.0,89.0
573,Gustaf Nilsson,1.be Club Brugge,1.0,2.0,2.0
574,Kristoffer Nordfeldt,1.se AIK Stockholm,2.0,180.0,90.0
575,Benjamin Nygren,1.sct Celtic,4.0,130.0,32.5
576,Ken Sema,1.cy Pafos FC,1.0,16.0,16.0
578,Carl Starfelt,1.es Celta Vigo,1.0,4.0,4.0
579,Elliot Stroud,1.se Mjällby,4.0,166.0,41.5
580,Mattias Svanberg,1.de Wolfsburg,2.0,16.0,8.0
581,Daniel Svensson,1.de Dortmund,3.0,98.0,32.666666666666664
582,Jacob Widell Zetterström,2.eng Derby County,2.0,180.0,90.0
583,Besfort Zeneli,1.be Union SG,2.0,60.0,30.0
584,Jayden Adams,1.za Sundowns,3.0,116.0,38.666666666666664
585,Oswin Appollis,1.za Orlando Pirates,4.0,255.0,63.75
588,Lyle Foster,1.eng Burnley,1.0,55.0,55.0
591,Evidence Makgopa,1.za Orlando Pirates,4.0,215.0,53.75
593,Thapelo Maseko,1.cy AEL Limassol,3.0,242.0,80.66666666666667
595,Thalente Mbatha,1.za Orlando Pirates,4.0,260.0,65.0
596,Mbekezeli Mbokazi,1.us Chicago Fire,4.0,360.0,90.0
597,Aubrey Modiba,1.za Sundowns,4.0,346.0,86.5
598,Relebohile Mofokeng,1.za Orlando Pirates,3.0,169.0,56.333333333333336
599,Teboho Mokoena,1.za Sundowns,3.0,270.0,90.0
600,Tshepang Moremi,1.za Orlando Pirates,2.0,34.0,17.0
601,Khuliso Mudau,1.za Sundowns,4.0,360.0,90.0
603,Ime Okon,2.de Hannover 96,4.0,360.0,90.0
604,Iqraam Rayners,1.za Sundowns,4.0,161.0,40.25
605,Kamogelo Sebelebele,1.za Orlando Pirates,1.0,7.0,7.0
606,Nkosinathi Sibisi,1.za Orlando Pirates,1.0,90.0,90.0
607,Sphephelo Sithole,1.pt Tondela,3.0,229.0,76.33333333333333
608,Ronwen Williams,1.za Sundowns,4.0,360.0,90.0
609,Themba Zwane,1.za Sundowns,1.0,23.0,23.0
610,Jordy Alcivar,1.ec Independiente,1.0,45.0,45.0
611,Nilson Angulo,1.eng Sunderland,4.0,218.0,54.5
613,Jordy Caicedo,1.ar Huracán,3.0,20.0,6.666666666666667
614,Moisés Caicedo,1.eng Chelsea,4.0,360.0,90.0
616,Pervis Estupiñán,1.it Milan,2.0,89.0,44.5
617,Alan Franco,1.br Atlético Mineiro,4.0,251.0,62.75
618,Hernán Galíndez,1.ar Huracán,4.0,360.0,90.0
619,Piero Hincapié,1.eng Arsenal,4.0,339.0,84.75
620,Yaimar Medina,1.be Genk,1.0,45.0,45.0
621,Alan Minda,1.br Atlético Mineiro,1.0,55.0,55.0
622,Joel Ordóñez,1.be Club Brugge,3.0,225.0,75.0
623,Willian Pacho,1.fr PSG,4.0,360.0,90.0
624,Kendry Páez,1.ar River Plate,1.0,12.0,12.0
625,Gonzalo Plata,1.br Flamengo,4.0,360.0,90.0
626,Jackson Porozo,1.mx Tijuana,1.0,29.0,29.0
627,Ángelo Preciado,1.br Atlético Mineiro,4.0,109.0,27.25
629,Kevin Rodríguez,1.be Union SG,4.0,118.0,29.5
630,Félix Torres Caicedo,1.br Internacional,1.0,6.0,6.0
632,Enner Valencia,1.mx Pachuca,4.0,287.0,71.75
634,Pedro Vite,1.mx UNAM,4.0,360.0,90.0
635,John Yeboah,2.it Venezia,4.0,311.0,77.75
636,Jonas Adjetey,1.de Wolfsburg,3.0,225.0,75.0
638,Benjamin Asare,1.gh Accra Hearts of Oak,3.0,225.0,75.0
639,Lawrence Ati-Zigi,1.ch St. Gallen,2.0,135.0,67.5
640,Jordan Ayew,2.eng Leicester City,4.0,300.0,75.0
643,Abdul Fatawu Issahaku,2.eng Leicester City,4.0,132.0,33.0
644,Prince Kwabena Adu,1.cz Viktoria Plzeň,3.0,39.0,13.0
645,Derrick Luckassen,1.cy Pafos FC,2.0,180.0,90.0
646,Gideon Mensah,1.fr Auxerre,4.0,360.0,90.0
648,Ernest Nuamah,1.fr Lyon,3.0,89.0,29.666666666666668
649,Jerome Opoku,1.tr Başakşehir,3.0,270.0,90.0
650,Elisha Owusu,1.fr Auxerre,3.0,151.0,50.333333333333336
651,Thomas Partey,1.es Villarreal,3.0,270.0,90.0
652,Kojo Peprah Oppong,1.fr Nice,2.0,49.0,24.5
653,Abdul Rahman Baba,1.gr PAOK,1.0,1.0,1.0
654,Alidu Seidu,1.fr Rennes,1.0,78.0,78.0
655,Antoine Semenyo,1.eng Manchester City,4.0,360.0,90.0
656,Marvin Senaya,1.fr Auxerre,4.0,278.0,69.5
657,Kwasi Sibo,1.es Oviedo,4.0,248.0,62.0
658,Kamaldeen Sulemana,1.us Atlanta Utd,2.0,127.0,63.5
659,Brandon Thomas-Asante,2.eng Coventry City,2.0,53.0,26.5
660,Iñaki Williams,1.es Athletic Club,2.0,126.0,63.0
661,Caleb Yirenkyi,1.dk Nordsjælland,4.0,264.0,66.0
662,Cédric Bakambu,1.es Real Betis,3.0,190.0,63.333333333333336
663,Simon Banza,1.ae Al Jazira Club,2.0,40.0,20.0
665,Theo Bongonda,1.ru Spartak Moscow,2.0,34.0,17.0
667,Brian Cipenga,2.es Castellón,2.0,146.0,73.0
668,Meschak Elia,1.tr Alanyaspor,2.0,46.0,23.0
672,Gédéon Kalulu,1.cy Aris Limassol,1.0,6.0,6.0
673,Steve Kapuadi,1.pl Widzew Łódź,2.0,180.0,90.0
674,Edo Kayembe,2.eng Watford,3.0,160.0,53.333333333333336
675,Joris Kayembe,1.be Genk,4.0,45.0,11.25
676,Arthur Masuaku,1.fr Lens,4.0,315.0,78.75
677,Fiston Mayele,1.eg Pyramids FC,2.0,42.0,21.0
678,Chancel Mbemba,1.fr Lille,4.0,360.0,90.0
679,Nathanaël Mbuku,2.fr Montpellier,3.0,143.0,47.666666666666664
680,Samuel Moutoussamy,1.gr Atromitos,4.0,330.0,82.5
681,Lionel Mpasi,1.fr Le Havre,4.0,360.0,90.0
682,Ngal'Ayel Mukau,1.fr Lille,4.0,195.0,48.75
683,Charles Pickel,1.es Espanyol,2.0,35.0,17.5
684,Noah Sadiki,1.eng Sunderland,4.0,259.0,64.75
686,Axel Tuanzebe,1.eng Burnley,4.0,360.0,90.0
687,Aaron Wan-Bissaka,1.eng West Ham,4.0,354.0,88.5
688,Yoane Wissa,1.eng Newcastle,4.0,360.0,90.0
689,Patrick Beach,1.au Melb City,4.0,388.0,90.0
690,Aziz Behich,1.au Melb City,3.0,217.0,72.33333333333333
691,Jordy Bos,1.nl Feyenoord,4.0,308.0,77.0
692,Cameron Burgess,2.eng Swansea City,2.0,135.0,67.5
693,Alessandro Circati,1.it Parma,4.0,390.0,90.0
696,Jason Geria,2.jp Albirex Niigata,2.0,62.0,31.0
697,Lucas Herrington,1.us Colorado Rapids,2.0,210.0,90.0
698,Ajdin Hrustic,1.nl Heracles Almelo,2.0,80.0,40.0
699,Nestory Irankunda,2.eng Watford,4.0,261.0,65.25
700,Jackson Irvine,1.de St Pauli,4.0,223.0,55.75
701,Jacob Italiano,1.at Grazer AK,2.0,163.0,81.5
703,Mathew Leckie,1.au Melb City,1.0,60.0,60.0
704,Awer Mabil,2.es Castellón,1.0,30.0,30.0
705,Connor Metcalfe,1.de St Pauli,4.0,315.0,78.75
706,Aiden O'Neill,1.us NYCFC,4.0,360.0,90.0
707,Paul Okon-Engstler,1.au Sydney FC,4.0,197.0,49.25
708,Mathew Ryan,1.es Levante,1.0,2.0,2.0
709,Harry Souttar,2.eng Leicester City,4.0,390.0,90.0
710,Mo Touré,2.eng Norwich City,3.0,165.0,55.0
711,Kai Trewin,1.us NYCFC,1.0,75.0,75.0
712,Nishan Velupillay,1.au Melb. Victory,2.0,75.0,37.5
713,Cristian Volpato,1.it Sassuolo,3.0,160.0,53.333333333333336
714,Tete Yengi,1.jp Machida Zelvia,2.0,24.0,12.0
715,Ritsu Doan,1.de Frankfurt,4.0,278.0,69.5
717,Keisuke Gotō,1.be Sint-Truiden,1.0,7.0,7.0
719,Ko Itakura,1.nl Ajax,2.0,128.0,64.0
720,Hiroki Ito,1.de Bayern Munich,4.0,360.0,90.0
721,Junya Itō,1.be Genk,4.0,216.0,54.0
722,Daichi Kamada,1.eng Crystal Palace,4.0,329.0,82.25
723,Takefusa Kubo,1.es Real Sociedad,1.0,74.0,74.0
724,Shuto Machino,1.de Gladbach,1.0,13.0,13.0
725,Daizen Maeda,1.sct Celtic,3.0,244.0,81.33333333333333
726,Yūto Nagatomo,1.jp FC Tokyo,1.0,16.0,16.0
727,Keito Nakamura,2.fr Reims,4.0,307.0,76.75
728,Kōki Ogawa,1.nl NEC Nijmegen,3.0,42.0,14.0
730,Kaishū Sano,1.de Mainz 05,3.0,270.0,90.0
731,Ayumu Seko,1.fr Le Havre,2.0,86.0,43.0
732,Kento Shiogai,1.de Wolfsburg,1.0,7.0,7.0
733,Yukinari Sugawara,1.de Werder Bremen,4.0,148.0,37.0
734,Junnosuke Suzuki,1.dk FC Copenhagen,2.0,43.0,21.5
735,Yuito Suzuki,1.de Freiburg,1.0,12.0,12.0
736,Zion Suzuki,1.it Parma,4.0,360.0,90.0
737,Ao Tanaka,1.eng Leeds United,3.0,193.0,64.33333333333333
738,Shogo Taniguchi,1.be Sint-Truiden,3.0,232.0,77.33333333333333
739,Takehiro Tomiyasu,1.nl Ajax,3.0,184.0,61.333333333333336
740,Ayase Ueda,1.nl Feyenoord,4.0,321.0,80.25
741,Tsuyoshi Watanabe,1.nl Feyenoord,2.0,90.0,45.0
742,Martin Baturina,1.it Como,4.0,321.0,80.25
743,Ante Budimir,1.es Osasuna,3.0,155.0,51.666666666666664
747,Joško Gvardiol,1.eng Manchester City,4.0,139.0,34.75
750,Mateo Kovačić,1.eng Manchester City,4.0,270.0,67.5
751,Andrej Kramarić,1.de Hoffenheim,3.0,59.0,19.666666666666668
752,Dominik Livaković,1.hr Dinamo Zagreb,4.0,360.0,90.0
753,Igor Matanović,1.de Freiburg,3.0,95.0,31.666666666666668
754,Luka Modrić,1.it Milan,4.0,317.0,79.25
756,Petar Musa,1.us FC Dallas,2.0,110.0,55.0
758,Marco Pašalić,1.us Orlando City,3.0,99.0,33.0
759,Mario Pašalić,1.it Atalanta,4.0,123.0,30.75
760,Ivan Perišić,1.nl PSV,4.0,360.0,90.0
761,Marin Pongračić,1.it Fiorentina,3.0,270.0,90.0
762,Josip Stanišić,1.de Bayern Munich,4.0,360.0,90.0
763,Luka Sučić,1.es Real Sociedad,1.0,19.0,19.0
764,Petar Sučić,1.it Inter,4.0,289.0,72.25
765,Josip Šutalo,1.nl Ajax,4.0,360.0,90.0
766,Nikola Vlašić,1.it Torino,3.0,189.0,63.0
767,Luka Vušković,1.de Hamburger SV,1.0,65.0,65.0
768,Simon Adingra,1.fr Monaco,1.0,16.0,16.0
769,Emmanuel Agbadou,1.tr Beşiktaş,3.0,270.0,90.0
771,Ange-Yoan Bonny,1.it Inter,4.0,234.0,58.5
772,Oumar Diakité,1.be Cercle Brugge,2.0,28.0,14.0
773,Amad Diallo,1.eng Manchester Utd,4.0,185.0,46.25
774,Ousmane Diomande,1.pt Sporting CP,1.0,90.0,90.0
775,Yan Diomandé,1.de RB Leipzig,4.0,329.0,82.25
776,Guéla Doué,1.fr Strasbourg,4.0,277.0,69.25
777,Seko Fofana,1.pt Porto,2.0,92.0,46.0
778,Yahia Fofana,1.tr Rizespor,4.0,360.0,90.0
779,Evann Guessand,1.eng Crystal Palace,2.0,17.0,8.5
781,Christ Inao Oulaï,1.tr Trabzonspor,4.0,208.0,52.0
782,Franck Kessié,1.sa Al-Ahli,4.0,346.0,86.5
783,Ghislain Konan,1.pt Gil Vicente FC,3.0,269.0,89.66666666666667
785,Odilon Kossounou,1.it Atalanta,4.0,272.0,68.0
788,Christopher Opéri,1.tr Başakşehir,1.0,90.0,90.0
789,Nicolas Pépé,1.es Villarreal,4.0,234.0,58.5
790,Ibrahim Sangaré,1.eng Nottingham,4.0,268.0,67.0
791,Jean Seri,1.si NK Maribor,1.0,14.0,14.0
792,Wilfried Singo,1.tr Galatasaray,2.0,171.0,85.5
793,Bazoumana Touré,1.de Hoffenheim,3.0,80.0,26.666666666666668
794,Elye Wahi,1.fr Nice,3.0,110.0,36.666666666666664
795,Nadiem Amiri,1.de Mainz 05,2.0,42.0,21.0
796,Waldemar Anton,1.de Dortmund,2.0,50.0,25.0
798,Maximilian Beier,1.de Dortmund,1.0,27.0,27.0
799,Nathaniel Brown,1.de Frankfurt,3.0,282.0,90.0
800,Leon Goretzka,1.de Bayern Munich,3.0,99.0,33.0
801,Pascal Groß,1.eng Brighton,1.0,18.0,18.0
802,Kai Havertz,1.eng Arsenal,4.0,353.0,88.25
804,Joshua Kimmich,1.de Bayern Munich,4.0,351.0,87.75
805,Jamie Leweling,1.de Stuttgart,1.0,31.0,31.0
806,Jamal Musiala,1.de Bayern Munich,4.0,270.0,67.5
807,Manuel Neuer,1.de Bayern Munich,4.0,390.0,90.0
808,Felix Nmecha,1.de Dortmund,4.0,270.0,67.5
811,Aleksandar Pavlovic,1.de Bayern Munich,4.0,272.0,68.0
812,David Raum,1.de RB Leipzig,2.0,108.0,54.0
813,Antonio Rüdiger,1.es Real Madrid,4.0,262.0,65.5
814,Leroy Sané,1.tr Galatasaray,4.0,326.0,81.5
815,Nico Schlotterbeck,1.de Dortmund,2.0,135.0,67.5
816,Angelo Stiller,1.de Stuttgart,1.0,45.0,45.0
817,Jonathan Tah,1.de Bayern Munich,4.0,372.0,90.0
818,Malick Thiaw,1.eng Newcastle,2.0,42.0,21.0
819,Deniz Undav,1.de Stuttgart,4.0,151.0,37.75
820,Florian Wirtz,1.eng Liverpool,4.0,361.0,90.0
821,Nick Woltemade,1.eng Newcastle,1.0,33.0,33.0
822,Nathan Aké,1.eng Manchester City,3.0,170.0,56.666666666666664
823,Brian Brobbey,1.eng Sunderland,4.0,223.0,55.75
824,Denzel Dumfries,1.it Inter,4.0,390.0,90.0
826,Cody Gakpo,1.eng Liverpool,4.0,368.0,90.0
828,Ryan Gravenberch,1.eng Liverpool,4.0,345.0,86.25
829,Jorrel Hato,1.eng Chelsea,1.0,35.0,35.0
830,Jan Paul van Hecke,1.eng Brighton,4.0,390.0,90.0
831,Frenkie de Jong,1.es Barcelona,4.0,328.0,82.0
832,Justin Kluivert,1.eng Bournemouth,2.0,27.0,13.5
833,Teun Koopmeiners,1.it Juventus,4.0,122.0,30.5
834,Noa Lang,1.tr Galatasaray,2.0,8.0,4.0
835,Donyell Malen,1.it Roma,3.0,185.0,61.666666666666664
836,Memphis,1.br Corinthians,3.0,54.0,18.0
837,Tijjani Reijnders,1.eng Manchester City,3.0,199.0,66.33333333333333
839,Marten de Roon,1.it Atalanta,1.0,11.0,11.0
840,Crysencio Summerville,1.eng West Ham,4.0,253.0,63.25
841,Guus Til,1.nl PSV,1.0,32.0,32.0
843,Quinten Timber,1.fr Marseille,2.0,55.0,27.5
844,Virgil van Dijk,1.eng Liverpool,4.0,390.0,90.0
845,Micky van de Ven,1.eng Tottenham,3.0,265.0,88.33333333333333
846,Bart Verbruggen,1.eng Brighton,4.0,390.0,90.0
847,Wout Weghorst,1.nl Ajax,1.0,50.0,50.0
849,Omar Alderete,1.eng Sunderland,4.0,320.0,80.0
850,Miguel Almirón,1.us Atlanta Utd,4.0,282.0,70.5
851,Júnior Alonso,1.br Atlético Mineiro,5.0,390.0,78.0
852,Álex Arce,1.ar Ind. Rivadavia,2.0,53.0,26.5
853,Gabriel Ávalos,1.ar Independiente,4.0,141.0,35.25
854,Fabián Balbuena,1.br Grêmio,1.0,1.0,1.0
855,Damián Bobadilla,1.br São Paulo,4.0,189.0,47.25
856,Gustavo Caballero,2.eng Portsmouth,2.0,96.0,48.0
857,Juan Cáceres,1.ru Dynamo Moskva,5.0,436.0,87.2
858,José Canale,1.ar Lanús,4.0,161.0,40.25
859,Andrés Cubas,1.us Vancouver,5.0,480.0,90.0
860,Julio Enciso,1.fr Strasbourg,5.0,386.0,77.2
862,Matías Galarza,1.us Atlanta Utd,4.0,388.0,90.0
863,Orlando Gill,1.py San Lorenzo,5.0,480.0,90.0
864,Diego Gómez,1.eng Brighton,4.0,304.0,76.0
865,Gustavo Gómez,1.br Palmeiras,5.0,480.0,90.0
866,Kaku,1.ae Al Ain,1.0,11.0,11.0
867,Alexandro Maidana,1.ar Talleres–C,2.0,55.0,27.5
868,Mauricio,1.br Palmeiras,4.0,173.0,43.25
869,Braian Ojeda,1.us Orlando City,1.0,22.0,22.0
871,Isidro Pitta,1.br RB Bragantino,1.0,45.0,45.0
872,Antonio Sanabria,1.it Cremonese,2.0,83.0,41.5
873,Ramón Sosa,1.br Palmeiras,1.0,12.0,12.0
874,Gustavo Velásquez,1.py Cerro Porteño,5.0,246.0,49.2
875,Hamza Abdelkarim,4.es Barcelona B,4.0,60.0,15.0
876,Hossam Abdelmaguid,1.eg Zamalek SC,2.0,59.0,29.5
877,Mohamed Abdelmonem,1.fr Nice,2.0,14.0,7.0
878,Ibrahim Adel,1.dk Nordsjælland,1.0,3.0,3.0
881,Emam Ashour,1.eg Al Ahly,5.0,362.0,72.4
882,Marwan Attia,1.eg Al Ahly,5.0,434.0,86.8
884,Hamdy Fathy,1.qa Al-Wakrah,4.0,238.0,59.5
885,Ahmed Fatouh,1.eg Zamalek SC,3.0,267.0,89.0
886,Karim Hafez,1.eg Pyramids FC,3.0,172.0,57.333333333333336
887,Mohamed Hany,1.eg Al Ahly,5.0,480.0,90.0
888,Haissem Hassan,1.es Oviedo,2.0,126.0,63.0
889,Yasser Ibrahim,1.eg Al Ahly,5.0,467.0,90.0
891,Omar Marmoush,1.eng Manchester City,5.0,326.0,65.2
893,Ramy Rabia,1.ae Al Ain,5.0,372.0,74.4
894,Mahmoud Saber,1.eg ZED,2.0,46.0,23.0
895,Mohamed Salah,1.eng Liverpool,5.0,425.0,85.0
897,Mostafa Shobeir,1.eg Al Ahly,5.0,480.0,90.0
898,Trézéguet,1.eg Al Ahly,4.0,164.0,41.0
899,Mostafa Ziko,1.eg Pyramids FC,5.0,370.0,74.0
900,Zizo,1.eg Al Ahly,4.0,56.0,14.0
901,Ali Ahmed,2.eng Norwich City,4.0,234.0,58.5
902,Moïse Bombito,1.fr Nice,3.0,193.0,64.33333333333333
903,Tajon Buchanan,1.es Villarreal,5.0,376.0,75.2
904,Mathieu Choinière,1.us LAFC,1.0,57.0,57.0
905,Derek Cornelius,1.fr Marseille,4.0,315.0,78.75
906,Maxime Crépeau,1.us Orlando City,5.0,450.0,90.0
907,Jonathan David,1.it Juventus,5.0,420.0,84.0
908,Promise David,1.be Union SG,4.0,80.0,20.0
909,Alphonso Davies,1.de Bayern Munich,1.0,16.0,16.0
910,Luc De Fougerolles,1.eng Fulham,5.0,372.0,74.4
911,Stephen Eustáquio,1.pt Porto,5.0,392.0,78.4
914,Alistair Johnston,1.sct Celtic,5.0,450.0,90.0
916,Ismaël Koné,1.it Sassuolo,2.0,146.0,73.0
917,Cyle Larin,1.es Mallorca,4.0,190.0,47.5
918,Richie Laryea,1.us Toronto FC,5.0,429.0,85.8
919,Liam Millar,2.eng Hull City,3.0,162.0,54.0
920,Jayden Nelson,1.us Austin FC,1.0,4.0,4.0
921,Tani Oluwaseyi,1.es Villarreal,5.0,259.0,51.8
922,Jonathan Osorio,1.us Toronto FC,2.0,5.0,2.5
923,Nathan Saliba,1.be Anderlecht,3.0,182.0,60.666666666666664
924,Jacob Shaffelburg,1.us LAFC,5.0,92.0,18.4
925,Niko Sigur,1.hr Hajduk Split,3.0,126.0,42.0
928,Tomás Araújo,1.pt Benfica,1.0,90.0,90.0
929,João Cancelo,1.es Barcelona,5.0,312.0,62.4
930,Francisco Conceição,1.it Juventus,4.0,126.0,31.5
931,Diogo Costa,1.pt Porto,5.0,450.0,90.0
932,Samu Costa,1.es Mallorca,1.0,21.0,21.0
933,Diogo Dalot,1.eng Manchester Utd,2.0,65.0,32.5
934,Rúben Dias,1.eng Manchester City,4.0,360.0,90.0
935,João Félix,1.sa Al-Nassr,3.0,201.0,67.0
936,Bruno Fernandes,1.eng Manchester Utd,5.0,422.0,84.4
939,Rafael Leão,1.it Milan,5.0,158.0,31.6
940,Nuno Mendes,1.fr PSG,5.0,395.0,79.0
941,Pedro Neto,1.eng Chelsea,5.0,350.0,70.0
942,João Neves,1.fr PSG,5.0,390.0,78.0
943,Rúben Neves,1.sa Al-Hilal,2.0,55.0,27.5
944,Matheus Nunes,1.eng Manchester City,1.0,1.0,1.0
945,Gonçalo Ramos,1.fr PSG,2.0,36.0,18.0
946,Cristiano Ronaldo,1.sa Al-Nassr,5.0,440.0,88.0
948,Nélson Semedo,1.tr Fenerbahçe,4.0,127.0,31.75
949,Bernardo Silva,1.eng Manchester City,4.0,97.0,24.25
951,Francisco Trincão,1.pt Sporting CP,1.0,28.0,28.0
952,Renato Veiga,1.es Villarreal,5.0,450.0,90.0
953,Vitinha,1.fr PSG,5.0,376.0,75.2
954,Brenden Aaronson,1.eng Leeds United,1.0,76.0,76.0
955,Tyler Adams,1.eng Bournemouth,4.0,341.0,85.25
956,Max Arfsten,1.us Columbus Crew,1.0,1.0,1.0
957,Folarin Balogun,1.fr Monaco,4.0,312.0,78.0
958,Sebastian Berhalter,1.us Vancouver,5.0,187.0,37.4
960,Sergiño Dest,1.nl PSV,5.0,297.0,59.4
961,Alex Freeman,1.es Villarreal,5.0,374.0,74.8
962,Matt Freese,1.us NYCFC,4.0,360.0,90.0
963,Weston McKennie,1.it Juventus,5.0,443.0,88.6
964,Mark McKenzie,1.fr Toulouse,1.0,90.0,90.0
965,Ricardo Pepi,1.nl PSV,5.0,204.0,40.8
966,Christian Pulisic,1.it Milan,4.0,223.0,55.75
967,Tim Ream,1.us Charlotte,4.0,360.0,90.0
968,Gio Reyna,1.de Gladbach,5.0,131.0,26.2
969,Chris Richards,1.eng Crystal Palace,4.0,360.0,90.0
970,Antonee Robinson,1.eng Fulham,4.0,348.0,87.0
971,Miles Robinson,1.us FC Cincinnati,1.0,90.0,90.0
973,Joe Scally,1.de Gladbach,2.0,87.0,43.5
974,Malik Tillman,1.de Leverkusen,5.0,356.0,71.2
975,Auston Trusty,1.sct Celtic,2.0,101.0,50.5
976,Matt Turner,1.us NE Revolution,1.0,90.0,90.0
977,Timothy Weah,1.fr Marseille,2.0,76.0,38.0
978,Haji Wright,2.eng Coventry City,2.0,2.0,1.0
979,Alejandro Zendejas,1.mx América,1.0,14.0,14.0
980,Alisson,1.eng Liverpool,5.0,450.0,90.0
982,Casemiro,1.eng Manchester Utd,5.0,379.0,75.8
983,Matheus Cunha,1.eng Manchester Utd,5.0,290.0,58.0
984,Danilo,1.br Flamengo,5.0,405.0,81.0
985,Endrick,1.fr Lyon,4.0,114.0,28.5
986,Fabinho,1.sa Al-Ittihad,3.0,71.0,23.666666666666668
987,Bruno Guimarães,1.eng Newcastle,5.0,416.0,83.2
988,Luiz Henrique,1.ru Zenit,1.0,29.0,29.0
989,Roger Ibanez,1.sa Al-Ahli,1.0,45.0,45.0
990,Vinicius Júnior,1.es Real Madrid,5.0,440.0,88.0
991,Gabriel Magalhães,1.eng Arsenal,5.0,450.0,90.0
992,Marquinhos,1.fr PSG,5.0,450.0,90.0
993,Gabriel Martinelli,1.eng Arsenal,4.0,143.0,35.75
995,Neymar,1.br Santos,2.0,39.0,19.5
996,Lucas Paquetá,1.br Flamengo,4.0,233.0,58.25
998,Raphinha,1.es Barcelona,2.0,129.0,64.5
999,Rayan,1.eng Bournemouth,4.0,288.0,72.0
1000,Alex Sandro,1.br Flamengo,1.0,9.0,9.0
1001,Danilo Santos,1.br Botafogo–RJ,4.0,46.0,11.5
1002,Douglas Santos,1.ru Zenit,5.0,441.0,88.2
1003,Éderson Silva,1.it Atalanta,2.0,22.0,11.0
1004,Igor Thiago,1.eng Brentford,1.0,61.0,61.0
1007,Jhon Arias,1.br Palmeiras,5.0,377.0,75.4
1008,Santiago Arias,1.ar Independiente,1.0,86.0,86.0
1010,Jaminton Campaz,1.ar Rosario Central,3.0,75.0,25.0
1012,Kevin Castaño,1.ar River Plate,2.0,16.0,8.0
1013,Jhon Córdoba,1.ru Krasnodar,3.0,99.0,33.0
1014,Cucho,1.es Real Betis,2.0,50.0,25.0
1016,Luis Díaz,1.de Bayern Munich,5.0,478.0,90.0
1018,Andrés Gómez,1.br Vasco da Gama,1.0,1.0,1.0
1019,Jefferson Lerma,1.eng Crystal Palace,5.0,410.0,82.0
1020,Jhon Lucumí,1.it Bologna,5.0,478.0,90.0
1021,Deiver Machado,1.fr Nantes,1.0,90.0,90.0
1022,Yerry Mina,1.it Cagliari,1.0,2.0,2.0
1023,Johan Mojica,1.es Mallorca,4.0,390.0,90.0
1024,Daniel Muñoz,1.eng Crystal Palace,5.0,394.0,78.8
1026,Gustavo Puerta,2.es Racing Sant,5.0,469.0,90.0
1027,Juan Quintero,1.ar River Plate,4.0,121.0,30.25
1028,Richard Ríos,1.pt Benfica,5.0,140.0,28.0
1029,James Rodríguez,1.us Minnesota Utd,5.0,313.0,62.6
1030,Davinson Sánchez,1.tr Galatasaray,5.0,480.0,90.0
1031,Luis Suárez,1.pt Sporting CP,5.0,331.0,66.2
1032,Camilo Vargas,1.mx Atlas,5.0,480.0,90.0
1034,Roberto Alvarado,1.mx Guadalajara,5.0,428.0,85.6
1035,Edson Álvarez,1.eng West Ham,4.0,240.0,60.0
1036,Luis Chávez,1.ru Dynamo Moskva,1.0,25.0,25.0
1037,Mateo Chávez,1.nl AZ Alkmaar,1.0,77.0,77.0
1038,Álvaro Fidalgo,1.es Real Betis,3.0,96.0,32.0
1039,Jesús Gallardo,1.mx Toluca,5.0,373.0,74.6
1040,Santiago Giménez,1.it Milan,4.0,86.0,21.5
1041,Armando González,1.mx Guadalajara,1.0,15.0,15.0
1042,Brian Gutiérrez,1.mx Guadalajara,4.0,198.0,49.5
1043,César Huerta,1.be Anderlecht,1.0,7.0,7.0
1044,Raúl Jiménez,1.eng Fulham,4.0,317.0,79.25
1045,Erik Lira,1.mx Cruz Azul,4.0,345.0,86.25
1046,Guillermo Martínez Ayala,1.mx UNAM,2.0,72.0,36.0
1047,César Montes,1.ru Loko Moscow,4.0,314.0,78.5
1048,Gilberto Mora,1.mx Tijuana,4.0,213.0,53.25
1049,Guillermo Ochoa,1.cy AEL Limassol,1.0,13.0,13.0
1050,Orbelín Pineda,1.gr AEK Athens,2.0,31.0,15.5
1051,Julián Quiñones,1.sa Al-Qadsiah,5.0,410.0,82.0
1052,Raúl Rangel,1.mx Guadalajara,5.0,437.0,87.4
1053,Israel Reyes,1.mx América,4.0,202.0,50.5
1054,Luis Romo,1.mx Guadalajara,4.0,264.0,66.0
1055,Jorge Sánchez,1.gr PAOK,4.0,348.0,87.0
1056,Obed Vargas,1.es Atlético Madrid,3.0,66.0,22.0
1057,Johan Vásquez,1.it Genoa,4.0,360.0,90.0
1058,Alexis Vega,1.mx Toluca,1.0,12.0,12.0
1059,Michel Aebischer,1.it Pisa,4.0,156.0,39.0
1060,Manuel Akanji,1.it Inter,6.0,600.0,90.0
1061,Zeki Amdouni,1.eng Burnley,4.0,73.0,18.25
1063,Eray Cömert,1.es Valencia,1.0,31.0,31.0
1064,Nico Elvedi,1.de Gladbach,6.0,600.0,90.0
1065,Breel Embolo,1.fr Rennes,6.0,501.0,83.5
1066,Christian Fassnacht,1.ch Young Boys,1.0,6.0,6.0
1067,Remo Freuler,1.it Bologna,6.0,592.0,90.0
1068,Cedric Itten,2.de Düsseldorf,3.0,42.0,14.0
1069,Luca Jaquez,1.de Stuttgart,2.0,78.0,39.0
1070,Ardon Jashari,1.it Milan,3.0,72.0,24.0
1072,Gregor Kobel,1.de Dortmund,6.0,600.0,90.0
1073,Johan Manzambi,1.de Freiburg,4.0,199.0,49.75
1074,Miro Muheim,1.de Hamburger SV,3.0,87.0,29.0
1076,Dan Ndoye,1.eng Nottingham,6.0,406.0,67.66666666666667
1077,Noah Okafor,1.eng Leeds United,1.0,20.0,20.0
1078,Fabian Rieder,1.de Augsburg,5.0,302.0,60.4
1079,Ricardo Rodríguez,1.es Real Betis,6.0,517.0,86.16666666666667
1080,Djibril Sow,1.es Sevilla,4.0,253.0,63.25
1081,Ruben Vargas,1.es Sevilla,6.0,284.0,47.333333333333336
1082,Silvan Widmer,1.de Mainz 05,5.0,175.0,35.0
1083,Granit Xhaka,1.eng Sunderland,6.0,600.0,90.0
1084,Denis Zakaria,1.fr Monaco,4.0,357.0,89.25
1086,Ayoube Amaimouni,1.de Frankfurt,2.0,18.0,9.0
1087,Sofyan Amrabat,1.es Real Betis,3.0,147.0,49.0
1088,Neil El Aynaoui,1.it Roma,6.0,562.0,90.0
1090,Ayyoub Bouaddi,1.fr Lille,5.0,381.0,76.2
1091,Yassine Bounou,1.sa Al-Hilal,6.0,570.0,90.0
1092,Brahim Díaz,1.es Real Madrid,6.0,457.0,76.16666666666667
1093,Issa Diop,1.eng Fulham,5.0,476.0,90.0
1095,Achraf Hakimi,1.fr PSG,6.0,570.0,90.0
1096,Redouane Halhal,1.be Mechelen,2.0,180.0,90.0
1097,Ayoub El Kaabi,1.gr Olympiacos,1.0,69.0,69.0
1098,Bilal El Khannouss,1.de Stuttgart,6.0,461.0,76.83333333333333
1099,Noussair Mazraoui,1.eng Manchester Utd,6.0,477.0,79.5
1100,Samir El Mourabet,1.fr Strasbourg,5.0,81.0,16.2
1102,Zakaria El Ouahdi,1.be Genk,1.0,17.0,17.0
1103,Azzedine Ounahi,1.es Girona,6.0,435.0,72.5
1104,Soufiane Rahimi,1.ae Al Ain,6.0,163.0,27.166666666666668
1106,Chadi Riad,1.eng Crystal Palace,4.0,344.0,86.0
1107,Marwane Saâdane,1.sa Al-Fateh,1.0,4.0,4.0
1108,Ismael Saibari,1.nl PSV,5.0,381.0,76.2
1109,Anass Salah-Eddine,1.nl PSV,4.0,212.0,53.0
1110,Amine Sbai,1.fr Angers,1.0,6.0,6.0
1111,Chemsdine Talbi,1.eng Sunderland,5.0,179.0,35.8
1112,Gessime Yassine,1.fr Strasbourg,3.0,80.0,26.666666666666668
1113,Timothy Castagne,1.eng Fulham,6.0,478.0,79.66666666666667
1114,Thibaut Courtois,1.es Real Madrid,6.0,550.0,90.0
1115,Kevin De Bruyne,1.it Napoli,5.0,382.0,76.4
1116,Maxim De Cuyper,1.eng Brighton,6.0,442.0,73.66666666666667
1117,Charles De Ketelaere,1.it Atalanta,5.0,350.0,70.0
1120,Jeremy Doku,1.eng Manchester City,5.0,309.0,61.8
1121,Matias Fernandez-Pardo,1.fr Lille,3.0,44.0,14.666666666666666
1122,Senne Lammens,1.eng Manchester Utd,1.0,20.0,20.0
1123,Romelu Lukaku,1.it Napoli,6.0,233.0,38.833333333333336
1124,Dodi Lukebakio,1.pt Benfica,3.0,164.0,54.666666666666664
1125,Brandon Mechele,1.be Club Brugge,6.0,570.0,90.0
1126,Thomas Meunier,1.fr Lille,3.0,190.0,63.333333333333336
1127,Diego Moreira,1.fr Strasbourg,1.0,58.0,58.0
1128,Nathan Ngoy,1.fr Lille,4.0,335.0,83.75
1129,Amadou Onana,1.eng Aston Villa,4.0,106.0,26.5
1131,Nicolas Raskin,1.sct Rangers,6.0,341.0,56.833333333333336
1132,Alexis Saelemaekers,1.it Milan,4.0,83.0,20.75
1133,Joaquin Seys,1.be Club Brugge,1.0,30.0,30.0
1134,Arthur Theate,1.de Frankfurt,3.0,228.0,76.0
1135,Youri Tielemans,1.eng Aston Villa,5.0,474.0,90.0
1136,Leandro Trossard,1.eng Arsenal,6.0,506.0,84.33333333333333
1137,Hans Vanaken,1.be Club Brugge,6.0,319.0,53.166666666666664
1138,Axel Witsel,1.es Girona,2.0,33.0,16.5
1139,Thelo Aasgaard,1.sct Rangers,1.0,90.0,90.0
1140,Kristoffer Ajer,1.eng Brentford,5.0,480.0,90.0
1141,Fredrik André Bjørkan,1.no Bodø/Glimt,1.0,45.0,45.0
1142,Fredrik Aursnes,1.pt Benfica,6.0,304.0,50.666666666666664
1143,Patrick Berg,1.no Bodø/Glimt,6.0,445.0,74.16666666666667
1144,Sander Berge,1.eng Fulham,5.0,480.0,90.0
1145,Oscar Bobb,1.eng Fulham,6.0,225.0,37.5
1146,Henrik Falchener,1.no Viking,1.0,65.0,65.0
1147,Erling Haaland,1.eng Manchester City,5.0,465.0,90.0
1148,Torbjørn Heggem,1.it Bologna,5.0,443.0,88.6
1149,Sondre Langås,2.eng Derby County,1.0,25.0,25.0
1150,David Møller Wolfe,1.eng Wolves,5.0,430.0,86.0
1151,Antonio Nusa,1.de RB Leipzig,6.0,318.0,53.0
1152,Ørjan Nyland,1.es Sevilla,5.0,480.0,90.0
1153,Marcus Pedersen,1.it Torino,4.0,236.0,59.0
1154,Jens Petter Hauge,1.no Bodø/Glimt,1.0,8.0,8.0
1155,Julian Ryerson,1.de Dortmund,4.0,223.0,55.75
1156,Andreas Schjelderup,1.pt Benfica,6.0,252.0,42.0
1157,Egil Selvik,2.eng Watford,1.0,90.0,90.0
1158,Jørgen Strand Larsen,1.eng Crystal Palace,2.0,105.0,52.5
1159,Alexander Sørloth,1.es Atlético Madrid,5.0,337.0,67.4
1161,Morten Thorsby,1.it Cremonese,1.0,45.0,45.0
1162,Kristian Thorstvedt,1.it Sassuolo,2.0,63.0,31.5
1163,Martin Ødegaard,1.eng Arsenal,5.0,470.0,90.0
1164,Leo Østigård,1.it Genoa,5.0,146.0,29.2
1165,Maghnes Akliouche,1.fr Monaco,1.0,8.0,8.0
1166,Bradley Barcola,1.fr PSG,8.0,384.0,48.0
1167,Rayan Cherki,1.eng Manchester City,7.0,130.0,18.571428571428573
1168,Ousmane Dembélé,1.fr PSG,8.0,592.0,74.0
1169,Lucas Digne,1.eng Aston Villa,6.0,463.0,77.16666666666667
1170,Désiré Doué,1.fr PSG,8.0,400.0,50.0
1171,Malo Gusto,1.eng Chelsea,5.0,121.0,24.2
1173,Theo Hernández,1.sa Al-Hilal,5.0,257.0,51.4
1175,Ibrahima Konaté,1.eng Liverpool,2.0,60.0,30.0
1176,Manu Koné,1.it Roma,5.0,385.0,77.0
1177,Jules Koundé,1.es Barcelona,8.0,599.0,74.875
1178,Maxence Lacroix,1.eng Crystal Palace,3.0,241.0,80.33333333333333
1179,Mike Maignan,1.it Milan,8.0,720.0,90.0
1180,Jean-Philippe Mateta,1.eng Crystal Palace,3.0,24.0,8.0
1181,Kylian Mbappé,1.es Real Madrid,8.0,695.0,86.875
1182,Michael Olise,1.de Bayern Munich,8.0,646.0,80.75
1183,Adrien Rabiot,1.it Milan,7.0,585.0,83.57142857142857
1185,William Saliba,1.eng Arsenal,6.0,479.0,79.83333333333333
1187,Aurélien Tchouaméni,1.es Real Madrid,4.0,360.0,90.0
1188,Marcus Thuram,1.it Inter,1.0,1.0,1.0
1189,Dayot Upamecano,1.de Bayern Munich,8.0,660.0,82.5
1190,Warren Zaïre-Emery,1.fr PSG,2.0,110.0,55.0
1191,Elliot Anderson,1.eng Nottingham,8.0,632.0,79.0
1192,Jude Bellingham,1.es Real Madrid,8.0,614.0,76.75
1193,Dan Burn,1.eng Newcastle,3.0,35.0,11.666666666666666
1194,Trevoh Chalobah,1.eng Chelsea,1.0,1.0,1.0
1195,Eberechi Eze,1.eng Arsenal,5.0,211.0,42.2
1196,Anthony Gordon,1.es Barcelona,6.0,396.0,66.0
1197,Marc Guéhi,1.eng Manchester City,8.0,663.0,82.875
1198,Dean Henderson,1.eng Crystal Palace,1.0,90.0,90.0
1199,Jordan Henderson,1.eng Brentford,1.0,7.0,7.0
1200,Reece James,1.eng Chelsea,5.0,319.0,63.8
1201,Harry Kane,1.de Bayern Munich,7.0,652.0,90.0
1202,Ezri Konsa,1.eng Aston Villa,8.0,647.0,80.875
1204,Noni Madueke,1.eng Arsenal,5.0,286.0,57.2
1206,Nico O'Reilly,1.eng Manchester City,7.0,461.0,65.85714285714286
1207,Jordan Pickford,1.eng Everton,7.0,660.0,90.0
1208,Jarell Quansah,1.de Leverkusen,3.0,197.0,65.66666666666667
1209,Marcus Rashford,1.es Barcelona,6.0,223.0,37.166666666666664
1210,Declan Rice,1.eng Arsenal,7.0,557.0,79.57142857142857
1211,Morgan Rogers,1.eng Aston Villa,7.0,339.0,48.42857142857143
1212,Bukayo Saka,1.eng Arsenal,7.0,358.0,51.142857142857146
1213,Djed Spence,1.eng Tottenham,8.0,404.0,50.5
1214,John Stones,1.eng Manchester City,5.0,330.0,66.0
1215,Ivan Toney,1.sa Al-Ahli,2.0,79.0,39.5
1217,Ollie Watkins,1.eng Aston Villa,2.0,52.0,26.0
1218,Thiago Almada,1.es Atlético Madrid,5.0,241.0,48.2
1219,Julián Álvarez,1.es Atlético Madrid,8.0,602.0,75.25
1221,Valentín Barco,1.fr Strasbourg,1.0,20.0,20.0
1222,Rodrigo De Paul,1.us Inter Miami,7.0,491.0,70.14285714285714
1223,Enzo Fernández,1.eng Chelsea,7.0,659.0,90.0
1224,Nicolás González,1.es Atlético Madrid,7.0,259.0,37.0
1225,Giovani Lo Celso,1.es Real Betis,1.0,59.0,59.0
1226,Flaco López,1.br Palmeiras,2.0,20.0,10.0
1227,Alexis Mac Allister,1.eng Liverpool,8.0,750.0,90.0
1228,Emiliano Martínez,1.eng Aston Villa,8.0,810.0,90.0
1229,Lautaro Martínez,1.it Inter,7.0,310.0,44.285714285714285
1230,Lisandro Martínez,1.eng Manchester Utd,7.0,624.0,89.14285714285714
1231,Facundo Medina,1.fr Marseille,5.0,308.0,61.6
1232,Lionel Messi,1.us Inter Miami,8.0,740.0,90.0
1233,Nahuel Molina,1.es Atlético Madrid,7.0,528.0,75.42857142857143
1234,Gonzalo Montiel,1.ar River Plate,6.0,192.0,32.0
1236,Nicolás Otamendi,1.pt Benfica,7.0,247.0,35.285714285714285
1237,Exequiel Palacios,1.de Leverkusen,1.0,90.0,90.0
1238,Leandro Paredes,1.ar Boca Juniors,7.0,473.0,67.57142857142857
1239,Nicolás Paz,1.it Como,2.0,71.0,35.5
1240,Cristian Romero,1.eng Tottenham,7.0,608.0,86.85714285714286
1242,Marcos Senesi,1.eng Bournemouth,2.0,109.0,54.5
1243,Giuliano Simeone,1.es Atlético Madrid,3.0,192.0,64.0
1244,Nicolás Tagliafico,1.fr Lyon,7.0,476.0,68.0
1245,Álex Baena,1.es Atlético Madrid,7.0,481.0,68.71428571428571
1246,Pau Cubarsí,1.es Barcelona,8.0,750.0,90.0
1247,Marc Cucurella,1.eng Chelsea,8.0,750.0,90.0
1248,Eric García,1.es Barcelona,1.0,22.0,22.0
1250,Gavi,1.es Barcelona,2.0,76.0,38.0
1252,Borja Iglesias,1.es Celta Vigo,1.0,1.0,1.0
1253,Aymeric Laporte,1.es Athletic Club,8.0,727.0,90.0
1254,Marcos Llorente,1.es Atlético Madrid,3.0,187.0,62.333333333333336
1255,Mikel Merino,1.eng Arsenal,8.0,199.0,24.875
1257,Dani Olmo,1.es Barcelona,8.0,491.0,61.375
1258,Mikel Oyarzabal,1.es Real Sociedad,8.0,601.0,75.125
1259,Pedri,1.es Barcelona,8.0,499.0,62.375
1260,Yéremy Pino,1.eng Crystal Palace,2.0,70.0,35.0
1261,Pedro Porro,1.eng Tottenham,6.0,563.0,90.0
1262,Marc Pubill,1.es Atlético Madrid,1.0,1.0,1.0
1264,Rodri,1.eng Manchester City,8.0,724.0,90.0
1265,Fabián Ruiz Peña,1.fr PSG,8.0,321.0,40.125
1266,Unai Simón,1.es Athletic Club,8.0,750.0,90.0
1267,Ferran Torres,1.es Barcelona,8.0,288.0,36.0
1268,Nico Williams,1.es Athletic Club,6.0,113.0,18.833333333333332
1269,Lamine Yamal,1.es Barcelona,8.0,614.0,76.75
1270,Martín Zubimendi,1.eng Arsenal,1.0,22.0,22.0
